prob_pred,prob_true
0.19707106226752377,0.0
0.23007079494640953,0.22807017543859648
