prob_pred,prob_true
0.3579566308887682,0.0
0.47402458163682465,0.0
0.5343092712135393,0.0
