prob_pred,prob_true
0.08494273945689201,0.0
0.1683165868744254,0.25
0.2492991304252206,0.6585365853658537
0.34322280562840973,0.5230769230769231
0.44073932816584904,0.5833333333333334
0.5483415848330447,0.543859649122807
0.6481450635653275,0.8461538461538461
0.7517281045084414,0.6956521739130435
0.8349490506308419,0.42857142857142855
0.9402718544006348,1.0
