prob_pred,prob_true
0.057084836065769196,0.075
0.14493990460267434,0.34615384615384615
0.24885374128818513,0.52
0.35131853967905047,0.5
0.452140906139424,0.6842105263157895
0.5417516469955445,0.6444444444444445
0.6405954037393843,0.7714285714285715
0.7482795784639757,0.7674418604651163
0.8550581634044647,1.0
0.9214117676019669,0.875
