feature,importance
ATR_Pct,0.114841454
RR_MomCons,0.10276641
RSI_Neutral,0.09402364
Overext_Mom_Div,0.086079285
RR,0.0800692
MomCons,0.07670972
Overext,0.07372952
RR_Risk_Adj,0.072900936
Risk_Score,0.06567944
ATR_Regime,0.06520184
VolSurge,0.06258742
Vol_Mom,0.055668455
RSI,0.04974275
RSI_Squared,0.0
