feature,importance
ATR_Pct,0.13620058
RR_MomCons,0.12393685
RSI,0.113625064
RSI_Neutral,0.11330016
Overext,0.10437469
Risk_Score,0.09027091
Vol_Mom,0.08986071
RR,0.08716625
VolSurge,0.075071335
MomCons,0.066193484
