{"sklearn_version": "1.8.0", "feature_version": "v3.9", "feature_list": ["Support_Strength", "Distance_From_52w_Low", "Consolidation_Tightness", "Distance_To_Resistance", "RS_vs_SPY_20d", "Momentum_Acceleration", "ATR_Pct", "Tightness_Ratio", "MA50_Slope", "RSI_Delta_5d"], "training_timestamp_utc": "2026-07-14T02:34:01.759533", "model_type": "CalibratedEnsemble(HistGB+RF+LightGBM+LR)", "model_name": "ml_20d_v3_ensemble_calibrated", "cv_method": "RollingWindow(folds=5)", "target": "Rank-based (top 20% per date)", "target_mode": "rank", "metrics": {"oos_auc": 0.6122907538843345, "cv_auc_mean": 0.6122907538843345, "cv_auc_std": 0.048542962446254494, "precision_at_20": 0.36, "precision_at_50": 0.42400000000000004, "note": "Trained on 10 features (108234 samples)"}, "label_spec": {"horizon_days": 20, "threshold_type": "rank", "up_threshold": 0.05, "down_threshold": -0.02, "rank_top_pct": 0.2, "rank_bottom_pct": 0.4, "label_name": "Rank top 20%", "class_weighting": "balanced"}, "ensemble": {"models": ["HistGradientBoostingClassifier", "RandomForestClassifier", "LGBMClassifier", "LogisticRegression"], "weights": [0.3, 0.25, 0.3, 0.15]}, "early_stopping": {"enabled": true, "histgb_stopped_at_iter": 500, "histgb_max_iter": 500, "histgb_n_iter_no_change": 15, "lgbm_best_iteration": 7, "lgbm_n_estimators": 500, "lgbm_stopping_rounds": 50}, "regularization": {"histgb_l2": 0.1, "histgb_max_depth": 8, "rf_max_depth": 8, "lgbm_max_depth": 6, "lgbm_reg_alpha": 0.1, "lgbm_reg_lambda": 0.1, "lr_C": 1.0, "min_samples_leaf": 15}, "calibration": {"method": "sigmoid", "samples": 25976, "mean_calibration_error": 0.021420742537547076}, "evaluation": {"precision_at_20": 0.36, "precision_at_50": 0.42400000000000004, "lift_at_20": 1.7999999999999998, "lift_at_50": 2.12, "baseline_precision": 0.2, "target_p20": 0.4, "excellent_p20": 0.6}, "drift": {"features_binned": 10, "binning_method": "pd.cut(10 equal-width bins)", "feature_bins": {"Support_Strength": [-0.001, 0.1, 0.2, 0.30000000000000004, 0.4, 0.5, 0.6000000000000001, 0.7000000000000001, 0.8, 0.9, 1.0], "Distance_From_52w_Low": [-0.04867453213995119, 4.867453213995119, 9.734906427990238, 14.602359641985355, 19.469812855980475, 24.337266069975595, 29.20471928397071, 34.07217249796583, 38.93962571196095, 43.80707892595607, 48.67453213995119], "Consolidation_Tightness": [0.0010320317289911913, 0.4562431125509453, 0.9069471529687216, 1.357651193386498, 1.8083552338042743, 2.2590592742220506, 2.7097633146398272, 3.1604673550576035, 3.6111713954753797, 4.061875435893157, 4.512579476310933], "Distance_To_Resistance": [-0.0015878575598365441, 0.1587857559836544, 0.3175715119673088, 0.4763572679509632, 0.6351430239346176, 0.793928779918272, 0.9527145359019265, 1.111500291885581, 1.2702860478692353, 1.4290718038528896, 1.587857559836544], "RS_vs_SPY_20d": [-0.5949294891720159, 0.3580623726605727, 1.3016186715047198, 2.245174970348867, 3.1887312691930143, 4.132287568037161, 5.075843866881308, 6.019400165725456, 6.9629564645696025, 7.90651276341375, 8.850069062257898], "Momentum_Acceleration": [-2.719129440889432, -1.9135104808729928, -1.115867946203251, -0.3182254115335095, 0.4794171231362325, 1.2770596578059745, 2.0747021924757156, 2.8723447271454576, 3.6699872618151996, 4.467629796484942, 5.265272331154684], "ATR_Pct": [0.0014216494280704735, 0.01783855430783291, 0.034092915574924436, 0.05034727684201596, 0.06660163810910749, 0.08285599937619902, 0.09911036064329054, 0.11536472191038206, 0.1316190831774736, 0.1478734444445651, 0.16412780571165664], "Tightness_Ratio": [0.0207788488019827, 0.11958138253924519, 0.21740567336821795, 0.31522996419719074, 0.41305425502616344, 0.5108785458551363, 0.608702836684109, 0.7065271275130817, 0.8043514183420545, 0.9021757091710273, 1.0], "MA50_Slope": [-0.1781181942646885, 0.016571588844525004, 0.2093337503387958, 0.4020959118330666, 0.5948580733273374, 0.7876202348216083, 0.980382396315879, 1.1731445578101498, 1.3659067193044208, 1.5586688807986913, 1.7514310422929622], "RSI_Delta_5d": [-68.48480556309333, -54.295393471001255, -40.246470607543756, -26.197547744086265, -12.148624880628766, 1.9002979828287323, 15.949220846286224, 29.99814370974373, 44.04706657320122, 58.09598943665871, 72.14491230011622]}, "training_bin_pct": {"Support_Strength": [0.4192177394518017, 0.1300508161379735, 0.1078688019710502, 0.09136895595934709, 0.07436094856790884, 0.059616569140745305, 0.045249461040960885, 0.030104712041884817, 0.01941792423775793, 0.022744071450569756], "Distance_From_52w_Low": [0.9858869725900832, 0.01099476439790576, 0.0013012011087157377, 0.0006621496766245766, 0.0005774561133353865, 0.0002771789344009855, 0.00010779180782260548, 6.159531875577457e-05, 8.469356328919002e-05, 4.619648906683092e-05], "Consolidation_Tightness": [0.981675392670157, 0.017908838928241452, 0.00032337542346781646, 3.079765937788728e-05, 1.539882968894364e-05, 1.539882968894364e-05, 7.69941484447182e-06, 7.69941484447182e-06, 7.69941484447182e-06, 7.69941484447182e-06], "Distance_To_Resistance": [0.8897597782568525, 0.09253156760086234, 0.013258392362180474, 0.0031413612565445027, 0.0010009239297813367, 0.0001539882968894364, 6.159531875577457e-05, 3.84970742223591e-05, 3.84970742223591e-05, 1.539882968894364e-05], "RS_vs_SPY_20d": [0.985117031105636, 0.014659685863874346, 7.69941484447182e-05, 0.0, 0.0, 0.0, 2.309824453341546e-05, 2.309824453341546e-05, 3.079765937788728e-05, 6.929473360024638e-05], "Momentum_Acceleration": [0.0001154912226670773, 0.0, 0.000816137973514013, 0.9986910994764397, 0.0003464736680012319, 0.0, 0.0, 0.0, 0.0, 3.079765937788728e-05], "ATR_Pct": [0.17832614721281181, 0.5519633507853403, 0.189344009855251, 0.053711117955035415, 0.018263012011087158, 0.0059824453341546045, 0.001632275947028026, 0.0004927625500461965, 0.0001924853711117955, 9.239297813366184e-05], "Tightness_Ratio": [0.0018709578072066523, 0.031275023098244537, 0.11848629504157684, 0.18773483215275638, 0.19561903295349553, 0.1632198952879581, 0.12235910070834617, 0.08125192485371112, 0.051208808130582074, 0.046974129966122574], "MA50_Slope": [0.6383584847551587, 0.3603557129658146, 0.0010856174930705266, 6.159531875577457e-05, 3.84970742223591e-05, 3.079765937788728e-05, 2.309824453341546e-05, 1.539882968894364e-05, 1.539882968894364e-05, 1.539882968894364e-05], "RSI_Delta_5d": [0.0002309824453341546, 0.0037573144441022483, 0.03416230366492146, 0.1630043116723129, 0.3609254696643055, 0.305189405605174, 0.11091007083461657, 0.01980289497998152, 0.001886356636895596, 0.00013089005235602096]}}}