{"sklearn_version": "1.8.0", "feature_version": "v3.8", "feature_list": ["Support_Strength", "Distance_From_52w_Low", "Consolidation_Tightness", "Distance_To_Resistance", "Sector_Momentum", "Sector_Rank", "RS_vs_SPY_20d", "Momentum_Acceleration", "ATR_Pct", "Tightness_Ratio", "MA50_Slope", "RSI_Delta_5d"], "training_timestamp_utc": "2026-07-08T02:39:56.662806", "model_type": "CalibratedEnsemble(HistGB+RF+LightGBM+LR)", "model_name": "ml_20d_v3_ensemble_calibrated", "cv_method": "RollingWindow(folds=5)", "target": "Rank-based (top 20% per date)", "target_mode": "rank", "metrics": {"oos_auc": 0.6200418189710517, "cv_auc_mean": 0.6200418189710517, "cv_auc_std": 0.04396893964200952, "precision_at_20": 0.64, "precision_at_50": 0.508, "note": "Trained on 12 features (108735 samples)"}, "label_spec": {"horizon_days": 20, "threshold_type": "rank", "up_threshold": 0.05, "down_threshold": -0.02, "rank_top_pct": 0.2, "rank_bottom_pct": 0.4, "label_name": "Rank top 20%", "class_weighting": "balanced"}, "ensemble": {"models": ["HistGradientBoostingClassifier", "RandomForestClassifier", "LGBMClassifier", "LogisticRegression"], "weights": [0.3, 0.25, 0.3, 0.15]}, "early_stopping": {"enabled": true, "histgb_stopped_at_iter": 500, "histgb_max_iter": 500, "histgb_n_iter_no_change": 15, "lgbm_best_iteration": 8, "lgbm_n_estimators": 500, "lgbm_stopping_rounds": 50}, "regularization": {"histgb_l2": 0.1, "histgb_max_depth": 8, "rf_max_depth": 8, "lgbm_max_depth": 6, "lgbm_reg_alpha": 0.1, "lgbm_reg_lambda": 0.1, "lr_C": 1.0, "min_samples_leaf": 15}, "calibration": {"method": "sigmoid", "samples": 26097, "mean_calibration_error": 0.01448306880218413}, "evaluation": {"precision_at_20": 0.64, "precision_at_50": 0.508, "lift_at_20": 3.1999999999999997, "lift_at_50": 2.54, "baseline_precision": 0.2, "target_p20": 0.4, "excellent_p20": 0.6}, "drift": {"features_binned": 12, "binning_method": "pd.cut(10 equal-width bins)", "feature_bins": {"Support_Strength": [-0.001, 0.1, 0.2, 0.30000000000000004, 0.4, 0.5, 0.6000000000000001, 0.7000000000000001, 0.8, 0.9, 1.0], "Distance_From_52w_Low": [-0.04867453213995119, 4.867453213995119, 9.734906427990238, 14.602359641985355, 19.469812855980475, 24.337266069975595, 29.20471928397071, 34.07217249796583, 38.93962571196095, 43.80707892595607, 48.67453213995119], "Consolidation_Tightness": [0.004231427255328179, 0.13630355991724655, 0.26706804770132414, 0.39783253548540176, 0.5285970232694793, 0.6593615110535569, 0.7901259988376346, 0.9208904866217121, 1.0516549744057897, 1.1824194621898674, 1.3131839499739448], "Distance_To_Resistance": [-0.0015878575598365441, 0.1587857559836544, 0.3175715119673088, 0.4763572679509632, 0.6351430239346176, 0.793928779918272, 0.9527145359019265, 1.111500291885581, 1.2702860478692353, 1.4290718038528896, 1.587857559836544], "Sector_Momentum": [-0.12495737962932515, -0.08833134953254637, -0.05206795339712182, -0.015804557261697272, 0.020458838873727264, 0.0567222350091518, 0.09298563114457636, 0.12924902728000087, 0.16551242341542544, 0.20177581955085, 0.2380392156862745], "Sector_Rank": [-0.001, 0.1, 0.2, 0.30000000000000004, 0.4, 0.5, 0.6000000000000001, 0.7000000000000001, 0.8, 0.9, 1.0], "RS_vs_SPY_20d": [-0.6107070089647907, -0.34542634777752806, -0.08277222779013937, 0.17988189219724937, 0.442536012184638, 0.7051901321720266, 0.9678442521594155, 1.2304983721468041, 1.4931524921341928, 1.7558066121215816, 2.01846073210897], "Momentum_Acceleration": [-0.7231490143494237, -0.5253996306628113, -0.3296081616661653, -0.13381669266951934, 0.06197477632712667, 0.2577662453237727, 0.4535577143204186, 0.6493491833170646, 0.8451406523137106, 1.0409321213103566, 1.2367235903070026], "ATR_Pct": [0.0014216494280704735, 0.01783855430783291, 0.034092915574924436, 0.05034727684201596, 0.06660163810910749, 0.08285599937619902, 0.09911036064329054, 0.11536472191038206, 0.1316190831774736, 0.1478734444445651, 0.16412780571165664], "Tightness_Ratio": [0.0207788488019827, 0.11958138253924519, 0.21740567336821795, 0.31522996419719074, 0.41305425502616344, 0.5108785458551363, 0.608702836684109, 0.7065271275130817, 0.8043514183420545, 0.9021757091710273, 1.0], "MA50_Slope": [-0.2018758564044308, -0.14844920238639164, -0.09555152514080834, -0.04265384789522503, 0.01024382935035828, 0.06314150659594159, 0.1160391838415249, 0.1689368610871082, 0.2218345383326915, 0.2747322155782748, 0.3276298928238581], "RSI_Delta_5d": [-68.48480556309333, -54.295393471001255, -40.246470607543756, -26.197547744086265, -12.148624880628766, 1.9002979828287323, 15.949220846286224, 29.99814370974373, 44.04706657320122, 58.09598943665871, 72.14491230011622]}, "training_bin_pct": {"Support_Strength": [0.4237289434558023, 0.13008690853910884, 0.10793059579099033, 0.09093974647844147, 0.07392590548887969, 0.0588050459067151, 0.044304961603899386, 0.029429346576539294, 0.01913673916708818, 0.02171180699253537], "Distance_From_52w_Low": [0.9867721218252326, 0.011365552336720774, 0.001111264388957864, 0.00026823623181741545, 0.00013795006207752792, 6.897503103876396e-05, 9.963060038932573e-05, 6.131113870112353e-05, 6.897503103876396e-05, 4.598335402584265e-05], "Consolidation_Tightness": [0.5248846584203185, 0.3643261139467513, 0.0796508330650971, 0.021604512499808402, 0.006506644594656734, 0.0021995371009028066, 0.0005364724636348309, 0.00017626952376573014, 8.430281571404485e-05, 3.065556935056176e-05], "Distance_To_Resistance": [0.8912033843748564, 0.0911160160022072, 0.013189558713079199, 0.0031038763967443784, 0.0009886421115556168, 0.00019159730844101102, 6.897503103876396e-05, 3.8319461688202206e-05, 5.3647246363483084e-05, 4.598335402584265e-05], "Sector_Momentum": [0.0013488450514247176, 0.010537851964255607, 0.04433561717324995, 0.8529758893947058, 0.05452859398231174, 0.025482442022654466, 0.0050734967275179715, 0.0021305620698640424, 0.002245520454928649, 0.0013411811590870772], "Sector_Rank": [0.08572063579650833, 0.0, 0.0, 0.0, 0.7661746447785901, 0.0, 0.0, 0.0, 0.0, 0.14810471942490153], "RS_vs_SPY_20d": [0.001701384098956178, 0.16998513204886498, 0.764856455296516, 0.05487346913750556, 0.006552627948682577, 0.0016400729602550543, 0.00027590012415505585, 9.19667080516853e-05, 0.0, 2.2991677012921324e-05], "Momentum_Acceleration": [3.065556935056176e-05, 0.0006361030640241566, 0.023543477261231436, 0.8526003586701614, 0.11879799512576447, 0.003893257307521344, 0.00036020293986910074, 9.963060038932573e-05, 1.532778467528088e-05, 2.2991677012921324e-05], "ATR_Pct": [0.17779463834092057, 0.5530111432994589, 0.18869269324504528, 0.054168391042442636, 0.01829371100994773, 0.005709599791542129, 0.00156343403687865, 0.00048282521727134776, 0.00019159730844101102, 9.19667080516853e-05], "Tightness_Ratio": [0.0018929814073971889, 0.032035069971337045, 0.1201851596388774, 0.18824818748946215, 0.19588142425775204, 0.16243619809628915, 0.12112781839640717, 0.08047853343756227, 0.050888245121932525, 0.046826382182983094], "MA50_Slope": [0.00026823623181741545, 0.002644042856485952, 0.042159071749360066, 0.499616805383118, 0.38927974739810856, 0.05277356263699207, 0.009978387823607854, 0.0026363789641483115, 0.0005594641406477522, 8.430281571404485e-05], "RSI_Delta_5d": [0.00023758066246685366, 0.003770635030119097, 0.0341119847948376, 0.16248218145031498, 0.36016462040741254, 0.30560537085575024, 0.11155561686669425, 0.02001042289357919, 0.0019083091920724699, 0.00015327784675280882]}}}