{"sklearn_version": "1.8.0", "feature_version": "v3.9", "feature_list": ["Support_Strength", "Distance_From_52w_Low", "Consolidation_Tightness", "Distance_To_Resistance", "RS_vs_SPY_20d", "Momentum_Acceleration", "ATR_Pct", "Tightness_Ratio", "MA50_Slope", "RSI_Delta_5d"], "training_timestamp_utc": "2026-07-22T03:07:26.095683", "model_type": "CalibratedEnsemble(HistGB+RF+LightGBM+LR)", "model_name": "ml_20d_v3_ensemble_calibrated", "cv_method": "RollingWindow(folds=5)", "target": "Rank-based (top 20% per date)", "target_mode": "rank", "metrics": {"oos_auc": 0.6009006307443154, "cv_auc_mean": 0.6009006307443154, "cv_auc_std": 0.06495788602650909, "precision_at_20": 0.42000000000000004, "precision_at_50": 0.36, "note": "Trained on 10 features (109064 samples)"}, "label_spec": {"horizon_days": 20, "threshold_type": "rank", "up_threshold": 0.05, "down_threshold": -0.02, "rank_top_pct": 0.2, "rank_bottom_pct": 0.4, "label_name": "Rank top 20%", "class_weighting": "balanced"}, "ensemble": {"models": ["HistGradientBoostingClassifier", "RandomForestClassifier", "LGBMClassifier", "LogisticRegression"], "weights": [0.3, 0.25, 0.3, 0.15]}, "early_stopping": {"enabled": true, "histgb_stopped_at_iter": 500, "histgb_max_iter": 500, "histgb_n_iter_no_change": 15, "lgbm_best_iteration": 5, "lgbm_n_estimators": 500, "lgbm_stopping_rounds": 50}, "regularization": {"histgb_l2": 0.1, "histgb_max_depth": 8, "rf_max_depth": 8, "lgbm_max_depth": 6, "lgbm_reg_alpha": 0.1, "lgbm_reg_lambda": 0.1, "lr_C": 1.0, "min_samples_leaf": 15}, "calibration": {"method": "sigmoid", "samples": 26176, "mean_calibration_error": 0.02623527667335274}, "evaluation": {"precision_at_20": 0.42000000000000004, "precision_at_50": 0.36, "lift_at_20": 2.1, "lift_at_50": 1.7999999999999998, "baseline_precision": 0.2, "target_p20": 0.4, "excellent_p20": 0.6}, "drift": {"features_binned": 10, "binning_method": "pd.cut(10 equal-width bins)", "feature_bins": {"Support_Strength": [-0.001, 0.1, 0.2, 0.30000000000000004, 0.4, 0.5, 0.6000000000000001, 0.7000000000000001, 0.8, 0.9, 1.0], "Distance_From_52w_Low": [-0.05348254364089776, 5.348254364089776, 10.696508728179552, 16.044763092269328, 21.393017456359104, 26.74127182044888, 32.089526184538656, 37.43778054862843, 42.78603491271821, 48.13428927680798, 53.48254364089776], "Consolidation_Tightness": [0.00017726480416958759, 0.5417198050331057, 1.0779005379330424, 1.6140812708329793, 2.150262003732916, 2.6864427366328525, 3.2226234695327896, 3.758804202432726, 4.294984935332663, 4.8311656682326, 5.3673464011325365], "Distance_To_Resistance": [-0.0015878575598365441, 0.1587857559836544, 0.3175715119673088, 0.4763572679509632, 0.6351430239346176, 0.793928779918272, 0.9527145359019265, 1.111500291885581, 1.2702860478692353, 1.4290718038528896, 1.587857559836544], "RS_vs_SPY_20d": [-0.6217989900908352, 0.7637717648269229, 2.1356239974187625, 3.507476230010602, 4.879328462602442, 6.251180695194281, 7.623032927786121, 8.994885160377962, 10.3667373929698, 11.73858962556164, 13.11044185815348], "Momentum_Acceleration": [-4.365613420634885, -3.097552075191058, -1.8420457925734075, -0.5865395099557569, 0.6689667726618937, 1.9244730552795444, 3.179979337897195, 4.435485620514846, 5.690991903132496, 6.946498185750147, 8.202004468367797], "ATR_Pct": [0.0014216494280704735, 0.01783855430783291, 0.034092915574924436, 0.05034727684201596, 0.06660163810910749, 0.08285599937619902, 0.09911036064329054, 0.11536472191038206, 0.1316190831774736, 0.1478734444445651, 0.16412780571165664], "Tightness_Ratio": [0.0207788488019827, 0.11958138253924519, 0.21740567336821795, 0.31522996419719074, 0.41305425502616344, 0.5108785458551363, 0.608702836684109, 0.7065271275130817, 0.8043514183420545, 0.9021757091710273, 1.0], "MA50_Slope": [-0.2032996575538999, -0.0060690874394812855, 0.18920870475301238, 0.3844864969455061, 0.5797642891379997, 0.7750420813304933, 0.9703198735229871, 1.1655976657154805, 1.3608754579079743, 1.556153250100468, 1.7514310422929618], "RSI_Delta_5d": [-68.48480556309333, -54.295393471001255, -40.246470607543756, -26.197547744086265, -12.148624880628766, 1.9002979828287323, 15.949220846286224, 29.99814370974373, 44.04706657320122, 58.09598943665871, 72.14491230011622]}, "training_bin_pct": {"Support_Strength": [0.41821265931110363, 0.13031419053149546, 0.10858369754576852, 0.09207952565787463, 0.07482655337877074, 0.060003361960940124, 0.045203093004064915, 0.029676946116935114, 0.01896451603044103, 0.022135456462605826], "Distance_From_52w_Low": [0.9871634218649714, 0.009680919343500719, 0.001329502735413674, 0.0008863351569424493, 0.0005042941410189798, 0.0001604572266878572, 6.876738286622452e-05, 9.933066414010208e-05, 6.876738286622452e-05, 3.820410159234696e-05], "Consolidation_Tightness": [0.9908004523365629, 0.008955041413246127, 0.00013753476573244905, 2.2922460955408174e-05, 1.528164063693878e-05, 1.528164063693878e-05, 2.2922460955408174e-05, 0.0, 2.2922460955408174e-05, 7.64082031846939e-06], "Distance_To_Resistance": [0.8848834010819402, 0.09583880925456156, 0.01431125645649317, 0.0034918548855405115, 0.0010620740242672454, 0.0001833796876432654, 8.40490235031633e-05, 3.820410159234696e-05, 6.112656254775512e-05, 4.584492191081635e-05], "RS_vs_SPY_20d": [0.9985329624988539, 0.00125309453222898, 0.0, 0.0, 3.820410159234696e-05, 5.348574222928574e-05, 9.16898438216327e-05, 0.0, 0.0, 3.056328127387756e-05], "Momentum_Acceleration": [3.056328127387756e-05, 0.00011461230477704086, 7.64082031846939e-06, 0.9996561630856688, 0.00012225312509551024, 0.0, 0.0, 3.056328127387756e-05, 7.64082031846939e-06, 3.056328127387756e-05], "ATR_Pct": [0.17212475931415996, 0.5481218863657202, 0.19310645190867692, 0.05669488676304288, 0.020294018765854703, 0.0068538158256670435, 0.0019407683608912254, 0.0005807023442036737, 0.00019102050796173477, 9.16898438216327e-05], "Tightness_Ratio": [0.0019102050796173478, 0.03173996760292185, 0.11791313915461964, 0.18653534643479325, 0.19537577554326233, 0.16306274641645527, 0.12287967236162474, 0.08161924264189004, 0.051743635196674714, 0.047220269568140835], "MA50_Slope": [0.30814664262355207, 0.6892401968275313, 0.002353372658088572, 6.876738286622452e-05, 6.876738286622452e-05, 4.584492191081635e-05, 2.2922460955408174e-05, 2.2922460955408174e-05, 1.528164063693878e-05, 1.528164063693878e-05], "RSI_Delta_5d": [0.0002368654298725511, 0.0037440019560500016, 0.03372658088572389, 0.16048778996913107, 0.3614337235245576, 0.3072450258259727, 0.11127326629786974, 0.019774442984198785, 0.0019254867202542865, 0.00015281640636938783]}}}