{"sklearn_version": "1.8.0", "feature_version": "v3.9", "feature_list": ["Support_Strength", "Distance_From_52w_Low", "Consolidation_Tightness", "Distance_To_Resistance", "RS_vs_SPY_20d", "Momentum_Acceleration", "ATR_Pct", "Tightness_Ratio", "MA50_Slope", "RSI_Delta_5d"], "training_timestamp_utc": "2026-07-11T02:37:10.597111", "model_type": "CalibratedEnsemble(HistGB+RF+LightGBM+LR)", "model_name": "ml_20d_v3_ensemble_calibrated", "cv_method": "RollingWindow(folds=5)", "target": "Rank-based (top 20% per date)", "target_mode": "rank", "metrics": {"oos_auc": 0.6178860168588192, "cv_auc_mean": 0.6178860168588192, "cv_auc_std": 0.046384601088059196, "precision_at_20": 0.4, "precision_at_50": 0.39199999999999996, "note": "Trained on 10 features (109258 samples)"}, "label_spec": {"horizon_days": 20, "threshold_type": "rank", "up_threshold": 0.05, "down_threshold": -0.02, "rank_top_pct": 0.2, "rank_bottom_pct": 0.4, "label_name": "Rank top 20%", "class_weighting": "balanced"}, "ensemble": {"models": ["HistGradientBoostingClassifier", "RandomForestClassifier", "LGBMClassifier", "LogisticRegression"], "weights": [0.3, 0.25, 0.3, 0.15]}, "early_stopping": {"enabled": true, "histgb_stopped_at_iter": 500, "histgb_max_iter": 500, "histgb_n_iter_no_change": 15, "lgbm_best_iteration": 7, "lgbm_n_estimators": 500, "lgbm_stopping_rounds": 50}, "regularization": {"histgb_l2": 0.1, "histgb_max_depth": 8, "rf_max_depth": 8, "lgbm_max_depth": 6, "lgbm_reg_alpha": 0.1, "lgbm_reg_lambda": 0.1, "lr_C": 1.0, "min_samples_leaf": 15}, "calibration": {"method": "sigmoid", "samples": 26222, "mean_calibration_error": 0.019426301565431497}, "evaluation": {"precision_at_20": 0.4, "precision_at_50": 0.39199999999999996, "lift_at_20": 2.0, "lift_at_50": 1.9599999999999997, "baseline_precision": 0.2, "target_p20": 0.4, "excellent_p20": 0.6}, "drift": {"features_binned": 10, "binning_method": "pd.cut(10 equal-width bins)", "feature_bins": {"Support_Strength": [-0.001, 0.1, 0.2, 0.30000000000000004, 0.4, 0.5, 0.6000000000000001, 0.7000000000000001, 0.8, 0.9, 1.0], "Distance_From_52w_Low": [-0.04867453213995119, 4.867453213995119, 9.734906427990238, 14.602359641985355, 19.469812855980475, 24.337266069975595, 29.20471928397071, 34.07217249796583, 38.93962571196095, 43.80707892595607, 48.67453213995119], "Consolidation_Tightness": [0.0010320317289911913, 0.4562431125509453, 0.9069471529687216, 1.357651193386498, 1.8083552338042743, 2.2590592742220506, 2.7097633146398272, 3.1604673550576035, 3.6111713954753797, 4.061875435893157, 4.512579476310933], "Distance_To_Resistance": [-0.0015878575598365441, 0.1587857559836544, 0.3175715119673088, 0.4763572679509632, 0.6351430239346176, 0.793928779918272, 0.9527145359019265, 1.111500291885581, 1.2702860478692353, 1.4290718038528896, 1.587857559836544], "RS_vs_SPY_20d": [-0.6175386172949395, 0.3377344852373648, 1.2835494382396464, 2.229364391241928, 3.1751793442442096, 4.120994297246491, 5.066809250248773, 6.012624203251054, 6.958439156253336, 7.904254109255617, 8.850069062257898], "Momentum_Acceleration": [-2.719129440889432, -1.9135104808729928, -1.115867946203251, -0.3182254115335095, 0.4794171231362325, 1.2770596578059745, 2.0747021924757156, 2.8723447271454576, 3.6699872618151996, 4.467629796484942, 5.265272331154684], "ATR_Pct": [0.0014216494280704735, 0.01783855430783291, 0.034092915574924436, 0.05034727684201596, 0.06660163810910749, 0.08285599937619902, 0.09911036064329054, 0.11536472191038206, 0.1316190831774736, 0.1478734444445651, 0.16412780571165664], "Tightness_Ratio": [0.0207788488019827, 0.11958138253924519, 0.21740567336821795, 0.31522996419719074, 0.41305425502616344, 0.5108785458551363, 0.608702836684109, 0.7065271275130817, 0.8043514183420545, 0.9021757091710273, 1.0], "MA50_Slope": [-0.20329965755389967, -0.006069087439481036, 0.18920870475301266, 0.3844864969455063, 0.579764289138, 0.7750420813304938, 0.9703198735229873, 1.165597665715481, 1.3608754579079747, 1.5561532501004685, 1.7514310422929622], "RSI_Delta_5d": [-68.48480556309333, -54.295393471001255, -40.246470607543756, -26.197547744086265, -12.148624880628766, 1.9002979828287323, 15.949220846286224, 29.99814370974373, 44.04706657320122, 58.09598943665871, 72.14491230011622]}, "training_bin_pct": {"Support_Strength": [0.4224500225003623, 0.12987666750566323, 0.10795597556231838, 0.09094722711636882, 0.07356474383909571, 0.05904247610766614, 0.04474902561990405, 0.029715732710950432, 0.019258784675346467, 0.02243934436232448], "Distance_From_52w_Low": [0.9849514526081352, 0.011631543219763708, 0.0016093479471279623, 0.0006711972480912829, 0.000572043109168707, 0.00027458069240097934, 0.00010678138037815864, 6.1017931644662074e-05, 7.627241455582759e-05, 4.576344873349656e-05], "Consolidation_Tightness": [0.9803369715275077, 0.019083358121868062, 0.00048051621170171384, 3.8136207277913795e-05, 1.5254482911165518e-05, 1.5254482911165518e-05, 7.627241455582759e-06, 7.627241455582759e-06, 7.627241455582759e-06, 7.627241455582759e-06], "Distance_To_Resistance": [0.889221945099116, 0.09258708402931912, 0.013591744273848478, 0.003142423479700097, 0.0009991686306813415, 0.0002440717265786483, 7.627241455582759e-05, 3.8136207277913795e-05, 5.339069018907932e-05, 4.576344873349656e-05], "RS_vs_SPY_20d": [0.9820683553379249, 0.017672318452585253, 0.00011440862183374139, 0.0, 0.0, 0.0, 2.288172436674828e-05, 2.288172436674828e-05, 3.0508965822331037e-05, 6.864517310024484e-05], "Momentum_Acceleration": [0.00011440862183374139, 0.0, 0.0009305234575810967, 0.9984440427430611, 0.00048051621170171384, 0.0, 0.0, 0.0, 0.0, 3.0508965822331037e-05], "ATR_Pct": [0.17814185143659092, 0.5475901730621087, 0.190406455697168, 0.055236482621330345, 0.018946067775667576, 0.006475527995789762, 0.001998337261362683, 0.0007169606968247794, 0.00038136207277913797, 0.00010678138037815864], "Tightness_Ratio": [0.0018991831224401071, 0.03166067928212404, 0.11884004911943498, 0.18767590325606937, 0.19592857851100992, 0.16303991335453707, 0.121929081908946, 0.08090977736082192, 0.051194044649871484, 0.046922789434745135], "MA50_Slope": [0.30097094783729567, 0.696367144894706, 0.0024559717486976485, 6.1017931644662074e-05, 4.576344873349656e-05, 3.0508965822331037e-05, 1.5254482911165518e-05, 2.288172436674828e-05, 1.5254482911165518e-05, 1.5254482911165518e-05], "RSI_Delta_5d": [0.00023644448512306554, 0.003714466588868804, 0.03413953275518843, 0.16318483094219313, 0.36140158188987787, 0.3051125399476771, 0.11041194731101603, 0.019754555369959348, 0.0018991831224401071, 0.00014491758765607243]}}}