{"sklearn_version": "1.8.0", "feature_version": "v3.9", "feature_list": ["Support_Strength", "Distance_From_52w_Low", "Consolidation_Tightness", "Distance_To_Resistance", "RS_vs_SPY_20d", "Momentum_Acceleration", "ATR_Pct", "Tightness_Ratio", "MA50_Slope", "RSI_Delta_5d"], "training_timestamp_utc": "2026-07-21T03:11:21.562956", "model_type": "CalibratedEnsemble(HistGB+RF+LightGBM+LR)", "model_name": "ml_20d_v3_ensemble_calibrated", "cv_method": "RollingWindow(folds=5)", "target": "Rank-based (top 20% per date)", "target_mode": "rank", "metrics": {"oos_auc": 0.6020504674412903, "cv_auc_mean": 0.6020504674412903, "cv_auc_std": 0.06410625362207815, "precision_at_20": 0.30999999999999994, "precision_at_50": 0.376, "note": "Trained on 10 features (108765 samples)"}, "label_spec": {"horizon_days": 20, "threshold_type": "rank", "up_threshold": 0.05, "down_threshold": -0.02, "rank_top_pct": 0.2, "rank_bottom_pct": 0.4, "label_name": "Rank top 20%", "class_weighting": "balanced"}, "ensemble": {"models": ["HistGradientBoostingClassifier", "RandomForestClassifier", "LGBMClassifier", "LogisticRegression"], "weights": [0.3, 0.25, 0.3, 0.15]}, "early_stopping": {"enabled": true, "histgb_stopped_at_iter": 500, "histgb_max_iter": 500, "histgb_n_iter_no_change": 15, "lgbm_best_iteration": 5, "lgbm_n_estimators": 500, "lgbm_stopping_rounds": 50}, "regularization": {"histgb_l2": 0.1, "histgb_max_depth": 8, "rf_max_depth": 8, "lgbm_max_depth": 6, "lgbm_reg_alpha": 0.1, "lgbm_reg_lambda": 0.1, "lr_C": 1.0, "min_samples_leaf": 15}, "calibration": {"method": "sigmoid", "samples": 26104, "mean_calibration_error": 0.02755880034286379}, "evaluation": {"precision_at_20": 0.30999999999999994, "precision_at_50": 0.376, "lift_at_20": 1.5499999999999996, "lift_at_50": 1.88, "baseline_precision": 0.2, "target_p20": 0.4, "excellent_p20": 0.6}, "drift": {"features_binned": 10, "binning_method": "pd.cut(10 equal-width bins)", "feature_bins": {"Support_Strength": [-0.001, 0.1, 0.2, 0.30000000000000004, 0.4, 0.5, 0.6000000000000001, 0.7000000000000001, 0.8, 0.9, 1.0], "Distance_From_52w_Low": [-0.05156508728179551, 5.156508728179551, 10.313017456359102, 15.469526184538653, 20.626034912718204, 25.782543640897757, 30.939052369077306, 36.095561097256855, 41.25206982543641, 46.40857855361596, 51.56508728179551], "Consolidation_Tightness": [0.00017726480416958759, 0.5417198050331057, 1.0779005379330424, 1.6140812708329793, 2.150262003732916, 2.6864427366328525, 3.2226234695327896, 3.758804202432726, 4.294984935332663, 4.8311656682326, 5.3673464011325365], "Distance_To_Resistance": [-0.0015878575598365441, 0.1587857559836544, 0.3175715119673088, 0.4763572679509632, 0.6351430239346176, 0.793928779918272, 0.9527145359019265, 1.111500291885581, 1.2702860478692353, 1.4290718038528896, 1.587857559836544], "RS_vs_SPY_20d": [-0.6217989900908352, 0.7637717648269229, 2.1356239974187625, 3.507476230010602, 4.879328462602442, 6.251180695194281, 7.623032927786121, 8.994885160377962, 10.3667373929698, 11.73858962556164, 13.11044185815348], "Momentum_Acceleration": [-4.365613420634885, -3.097552075191058, -1.8420457925734075, -0.5865395099557569, 0.6689667726618937, 1.9244730552795444, 3.179979337897195, 4.435485620514846, 5.690991903132496, 6.946498185750147, 8.202004468367797], "ATR_Pct": [0.0014216494280704735, 0.01783855430783291, 0.034092915574924436, 0.05034727684201596, 0.06660163810910749, 0.08285599937619902, 0.09911036064329054, 0.11536472191038206, 0.1316190831774736, 0.1478734444445651, 0.16412780571165664], "Tightness_Ratio": [0.0207788488019827, 0.11958138253924519, 0.21740567336821795, 0.31522996419719074, 0.41305425502616344, 0.5108785458551363, 0.608702836684109, 0.7065271275130817, 0.8043514183420545, 0.9021757091710273, 1.0], "MA50_Slope": [-0.2032996575538999, -0.0060690874394812855, 0.18920870475301238, 0.3844864969455061, 0.5797642891379997, 0.7750420813304933, 0.9703198735229871, 1.1655976657154805, 1.3608754579079743, 1.556153250100468, 1.7514310422929618], "RSI_Delta_5d": [-68.48480556309333, -54.295393471001255, -40.246470607543756, -26.197547744086265, -12.148624880628766, 1.9002979828287323, 15.949220846286224, 29.99814370974373, 44.04706657320122, 58.09598943665871, 72.14491230011622]}, "training_bin_pct": {"Support_Strength": [0.4166123953201499, 0.1305423814522246, 0.10830006819035068, 0.09207229709539753, 0.07487147268171962, 0.06016840718067378, 0.045572607399802324, 0.029973106951584852, 0.019146931051127438, 0.022740332676969285], "Distance_From_52w_Low": [0.9876031474827034, 0.009416397863879801, 0.0011722610847629046, 0.0007202126925994315, 0.0006282706467356742, 0.0001762222545722013, 6.89565343978179e-05, 9.194204586375722e-05, 6.89565343978179e-05, 5.3632860087191705e-05], "Consolidation_Tightness": [0.99118888727139, 0.00857359577679536, 0.0001379130687956358, 2.2985511465939304e-05, 1.5323674310626202e-05, 1.5323674310626202e-05, 1.5323674310626202e-05, 0.0, 2.2985511465939304e-05, 7.661837155313101e-06], "Distance_To_Resistance": [0.8864745588697258, 0.09500678072588245, 0.01388324892542734, 0.003248618953852755, 0.0010037006673460163, 0.0001762222545722013, 6.129469724250481e-05, 3.8309185776565506e-05, 6.129469724250481e-05, 4.597102293187861e-05], "RS_vs_SPY_20d": [0.9986285311491989, 0.0011722610847629046, 0.0, 0.0, 3.8309185776565506e-05, 4.597102293187861e-05, 9.194204586375722e-05, 0.0, 0.0, 2.2985511465939304e-05], "Momentum_Acceleration": [2.2985511465939304e-05, 0.00011492755732969652, 7.661837155313101e-06, 0.9997088501880981, 8.428020870844411e-05, 0.0, 0.0, 3.0647348621252404e-05, 7.661837155313101e-06, 2.2985511465939304e-05], "ATR_Pct": [0.174329780794839, 0.549223472804309, 0.19301700161664764, 0.055410406307224346, 0.019254196771301822, 0.006229073607269551, 0.0017315751971007608, 0.0005210049265612908, 0.00019154592888282753, 9.194204586375722e-05], "Tightness_Ratio": [0.0019077974516729622, 0.0316970203115303, 0.1176704950312986, 0.18637418880299117, 0.19495544641694185, 0.16315116038523717, 0.12305676655148372, 0.0818743918416758, 0.051901284890090944, 0.04741144831707747], "MA50_Slope": [0.308503873058682, 0.6890673245630837, 0.0021836235892642337, 6.89565343978179e-05, 5.3632860087191705e-05, 4.597102293187861e-05, 2.2985511465939304e-05, 2.2985511465939304e-05, 1.5323674310626202e-05, 1.5323674310626202e-05], "RSI_Delta_5d": [0.00023751695181470613, 0.0037543002061034194, 0.03375039266915421, 0.1603699134978585, 0.3614395059647402, 0.3071936989051235, 0.11131117019238873, 0.019851820069416246, 0.0019384448002942145, 0.00015323674310626203]}}}