{"sklearn_version": "1.8.0", "feature_version": "v3.9", "feature_list": ["Support_Strength", "Distance_From_52w_Low", "Consolidation_Tightness", "Distance_To_Resistance", "RS_vs_SPY_20d", "Momentum_Acceleration", "ATR_Pct", "Tightness_Ratio", "MA50_Slope", "RSI_Delta_5d"], "training_timestamp_utc": "2026-07-15T03:09:26.204308", "model_type": "CalibratedEnsemble(HistGB+RF+LightGBM+LR)", "model_name": "ml_20d_v3_ensemble_calibrated", "cv_method": "RollingWindow(folds=5)", "target": "Rank-based (top 20% per date)", "target_mode": "rank", "metrics": {"oos_auc": 0.611448555868312, "cv_auc_mean": 0.611448555868312, "cv_auc_std": 0.05096875531751506, "precision_at_20": 0.48999999999999994, "precision_at_50": 0.472, "note": "Trained on 10 features (108635 samples)"}, "label_spec": {"horizon_days": 20, "threshold_type": "rank", "up_threshold": 0.05, "down_threshold": -0.02, "rank_top_pct": 0.2, "rank_bottom_pct": 0.4, "label_name": "Rank top 20%", "class_weighting": "balanced"}, "ensemble": {"models": ["HistGradientBoostingClassifier", "RandomForestClassifier", "LGBMClassifier", "LogisticRegression"], "weights": [0.3, 0.25, 0.3, 0.15]}, "early_stopping": {"enabled": true, "histgb_stopped_at_iter": 500, "histgb_max_iter": 500, "histgb_n_iter_no_change": 15, "lgbm_best_iteration": 7, "lgbm_n_estimators": 500, "lgbm_stopping_rounds": 50}, "regularization": {"histgb_l2": 0.1, "histgb_max_depth": 8, "rf_max_depth": 8, "lgbm_max_depth": 6, "lgbm_reg_alpha": 0.1, "lgbm_reg_lambda": 0.1, "lr_C": 1.0, "min_samples_leaf": 15}, "calibration": {"method": "sigmoid", "samples": 26073, "mean_calibration_error": 0.019850334921011462}, "evaluation": {"precision_at_20": 0.48999999999999994, "precision_at_50": 0.472, "lift_at_20": 2.4499999999999997, "lift_at_50": 2.36, "baseline_precision": 0.2, "target_p20": 0.4, "excellent_p20": 0.6}, "drift": {"features_binned": 10, "binning_method": "pd.cut(10 equal-width bins)", "feature_bins": {"Support_Strength": [-0.001, 0.1, 0.2, 0.30000000000000004, 0.4, 0.5, 0.6000000000000001, 0.7000000000000001, 0.8, 0.9, 1.0], "Distance_From_52w_Low": [-0.04867453213995119, 4.867453213995119, 9.734906427990238, 14.602359641985355, 19.469812855980475, 24.337266069975595, 29.20471928397071, 34.07217249796583, 38.93962571196095, 43.80707892595607, 48.67453213995119], "Consolidation_Tightness": [0.0010320317289911913, 0.4562431125509453, 0.9069471529687216, 1.357651193386498, 1.8083552338042743, 2.2590592742220506, 2.7097633146398272, 3.1604673550576035, 3.6111713954753797, 4.061875435893157, 4.512579476310933], "Distance_To_Resistance": [-0.0015878575598365441, 0.1587857559836544, 0.3175715119673088, 0.4763572679509632, 0.6351430239346176, 0.793928779918272, 0.9527145359019265, 1.111500291885581, 1.2702860478692353, 1.4290718038528896, 1.587857559836544], "RS_vs_SPY_20d": [-0.6175386172949395, 0.3377344852373648, 1.2835494382396464, 2.229364391241928, 3.1751793442442096, 4.120994297246491, 5.066809250248773, 6.012624203251054, 6.958439156253336, 7.904254109255617, 8.850069062257898], "Momentum_Acceleration": [-2.719129440889432, -1.9135104808729928, -1.115867946203251, -0.3182254115335095, 0.4794171231362325, 1.2770596578059745, 2.0747021924757156, 2.8723447271454576, 3.6699872618151996, 4.467629796484942, 5.265272331154684], "ATR_Pct": [0.0014216494280704735, 0.01783855430783291, 0.034092915574924436, 0.05034727684201596, 0.06660163810910749, 0.08285599937619902, 0.09911036064329054, 0.11536472191038206, 0.1316190831774736, 0.1478734444445651, 0.16412780571165664], "Tightness_Ratio": [0.0207788488019827, 0.11958138253924519, 0.21740567336821795, 0.31522996419719074, 0.41305425502616344, 0.5108785458551363, 0.608702836684109, 0.7065271275130817, 0.8043514183420545, 0.9021757091710273, 1.0], "MA50_Slope": [-0.20329965755389967, -0.006069087439481036, 0.18920870475301266, 0.3844864969455063, 0.579764289138, 0.7750420813304938, 0.9703198735229873, 1.165597665715481, 1.3608754579079747, 1.5561532501004685, 1.7514310422929622], "RSI_Delta_5d": [-68.48480556309333, -54.295393471001255, -40.246470607543756, -26.197547744086265, -12.148624880628766, 1.9002979828287323, 15.949220846286224, 29.99814370974373, 44.04706657320122, 58.09598943665871, 72.14491230011622]}, "training_bin_pct": {"Support_Strength": [0.4200303769503383, 0.12996118500790108, 0.10788419938325586, 0.09139166321474049, 0.07417805802304353, 0.05935778831254507, 0.04499010447829889, 0.03000107393258772, 0.019361470367131525, 0.02284408033015756], "Distance_From_52w_Low": [0.9862459919301637, 0.010248385265644897, 0.0016492536168515365, 0.0006903852349611083, 0.0005753210291342569, 0.00028382504103956674, 0.00010739325877172796, 6.13675764409874e-05, 8.438041760635769e-05, 5.369662938586398e-05], "Consolidation_Tightness": [0.9806538715269787, 0.01880916217916264, 0.00043724398214203526, 3.8354735275617124e-05, 1.534189411024685e-05, 1.534189411024685e-05, 7.670947055123425e-06, 7.670947055123425e-06, 7.670947055123425e-06, 7.670947055123425e-06], "Distance_To_Resistance": [0.8878354121599853, 0.09370828922538776, 0.013738666175726055, 0.0032524815513723325, 0.001027906905386539, 0.00022245746459857935, 7.670947055123425e-05, 3.8354735275617124e-05, 5.369662938586398e-05, 4.6025682330740555e-05], "RS_vs_SPY_20d": [0.9824872278731532, 0.017251959926972583, 0.00011506420582685138, 0.0, 0.0, 0.0, 2.3012841165370277e-05, 2.3012841165370277e-05, 3.06837882204937e-05, 6.903852349611083e-05], "Momentum_Acceleration": [0.00011506420582685138, 0.0, 0.0009665393289455517, 0.9984658105889753, 0.0004219020880317884, 0.0, 0.0, 0.0, 0.0, 3.06837882204937e-05], "ATR_Pct": [0.1777818689495405, 0.5487411975882542, 0.1903852349611083, 0.05518479311455792, 0.01843328577346159, 0.00633620226753195, 0.0019254077108359798, 0.0007057271290713551, 0.00039888924686641813, 0.00010739325877172796], "Tightness_Ratio": [0.001894723922615486, 0.031458553873061165, 0.11851613200165692, 0.1877694420153112, 0.1959850263113484, 0.16316871480953038, 0.12225188321750204, 0.08103588469032387, 0.051226584434114236, 0.04669305472453629], "MA50_Slope": [0.30360074254767494, 0.6938985287123548, 0.002293613169481904, 6.13675764409874e-05, 4.6025682330740555e-05, 3.06837882204937e-05, 1.534189411024685e-05, 2.3012841165370277e-05, 1.534189411024685e-05, 1.534189411024685e-05], "RSI_Delta_5d": [0.0002377993587088262, 0.003728080268789985, 0.03409735966002363, 0.16316104386247526, 0.36121722587870697, 0.30501219680581765, 0.11059971464076955, 0.01986775287276967, 0.0019330786578911033, 0.0001457479940473451]}}}