{"sklearn_version": "1.8.0", "feature_version": "v3.9", "feature_list": ["Support_Strength", "Distance_From_52w_Low", "Consolidation_Tightness", "Distance_To_Resistance", "RS_vs_SPY_20d", "Momentum_Acceleration", "ATR_Pct", "Tightness_Ratio", "MA50_Slope", "RSI_Delta_5d"], "training_timestamp_utc": "2026-07-10T02:45:21.831984", "model_type": "CalibratedEnsemble(HistGB+RF+LightGBM+LR)", "model_name": "ml_20d_v3_ensemble_calibrated", "cv_method": "RollingWindow(folds=5)", "target": "Rank-based (top 20% per date)", "target_mode": "rank", "metrics": {"oos_auc": 0.6211741545091287, "cv_auc_mean": 0.6211741545091287, "cv_auc_std": 0.04533417642677934, "precision_at_20": 0.4700000000000001, "precision_at_50": 0.472, "note": "Trained on 10 features (109247 samples)"}, "label_spec": {"horizon_days": 20, "threshold_type": "rank", "up_threshold": 0.05, "down_threshold": -0.02, "rank_top_pct": 0.2, "rank_bottom_pct": 0.4, "label_name": "Rank top 20%", "class_weighting": "balanced"}, "ensemble": {"models": ["HistGradientBoostingClassifier", "RandomForestClassifier", "LGBMClassifier", "LogisticRegression"], "weights": [0.3, 0.25, 0.3, 0.15]}, "early_stopping": {"enabled": true, "histgb_stopped_at_iter": 500, "histgb_max_iter": 500, "histgb_n_iter_no_change": 15, "lgbm_best_iteration": 8, "lgbm_n_estimators": 500, "lgbm_stopping_rounds": 50}, "regularization": {"histgb_l2": 0.1, "histgb_max_depth": 8, "rf_max_depth": 8, "lgbm_max_depth": 6, "lgbm_reg_alpha": 0.1, "lgbm_reg_lambda": 0.1, "lr_C": 1.0, "min_samples_leaf": 15}, "calibration": {"method": "sigmoid", "samples": 26220, "mean_calibration_error": 0.016081565629401537}, "evaluation": {"precision_at_20": 0.4700000000000001, "precision_at_50": 0.472, "lift_at_20": 2.35, "lift_at_50": 2.36, "baseline_precision": 0.2, "target_p20": 0.4, "excellent_p20": 0.6}, "drift": {"features_binned": 10, "binning_method": "pd.cut(10 equal-width bins)", "feature_bins": {"Support_Strength": [-0.001, 0.1, 0.2, 0.30000000000000004, 0.4, 0.5, 0.6000000000000001, 0.7000000000000001, 0.8, 0.9, 1.0], "Distance_From_52w_Low": [-0.04867453213995119, 4.867453213995119, 9.734906427990238, 14.602359641985355, 19.469812855980475, 24.337266069975595, 29.20471928397071, 34.07217249796583, 38.93962571196095, 43.80707892595607, 48.67453213995119], "Consolidation_Tightness": [0.004141993610529626, 0.14524692439710182, 0.2849547766610347, 0.42466262892496753, 0.5643704811889004, 0.7040783334528333, 0.8437861857167661, 0.983494037980699, 1.123201890244632, 1.2629097425085647, 1.4026175947724977], "Distance_To_Resistance": [-0.0015878575598365441, 0.1587857559836544, 0.3175715119673088, 0.4763572679509632, 0.6351430239346176, 0.793928779918272, 0.9527145359019265, 1.111500291885581, 1.2702860478692353, 1.4290718038528896, 1.587857559836544], "RS_vs_SPY_20d": [-0.6107070089647907, -0.34542634777752806, -0.08277222779013937, 0.17988189219724937, 0.442536012184638, 0.7051901321720266, 0.9678442521594155, 1.2304983721468041, 1.4931524921341928, 1.7558066121215816, 2.01846073210897], "Momentum_Acceleration": [-0.7403470529865559, -0.5408624026642288, -0.3433528478896476, -0.14584329311506639, 0.051666261659514934, 0.24917581643409625, 0.44668537120867735, 0.6441949259832587, 0.84170448075784, 1.0392140355324213, 1.2367235903070026], "ATR_Pct": [0.0014216494280704735, 0.01783855430783291, 0.034092915574924436, 0.05034727684201596, 0.06660163810910749, 0.08285599937619902, 0.09911036064329054, 0.11536472191038206, 0.1316190831774736, 0.1478734444445651, 0.16412780571165664], "Tightness_Ratio": [0.0207788488019827, 0.11958138253924519, 0.21740567336821795, 0.31522996419719074, 0.41305425502616344, 0.5108785458551363, 0.608702836684109, 0.7065271275130817, 0.8043514183420545, 0.9021757091710273, 1.0], "MA50_Slope": [-0.20189677067359965, -0.14635777546950576, -0.09136867130703656, -0.03637956714456736, 0.018609537017901828, 0.07359864118037102, 0.12858774534284023, 0.1835768495053094, 0.2385659536677786, 0.2935550578302478, 0.348544161992717], "RSI_Delta_5d": [-68.48480556309333, -54.295393471001255, -40.246470607543756, -26.197547744086265, -12.148624880628766, 1.9002979828287323, 15.949220846286224, 29.99814370974373, 44.04706657320122, 58.09598943665871, 72.14491230011622]}, "training_bin_pct": {"Support_Strength": [0.42523799353145786, 0.1296225666687008, 0.10789802892536766, 0.09100201379142003, 0.07338896686397754, 0.05860590712149875, 0.044257643253798745, 0.02915420760358821, 0.019001342527613353, 0.021831329712577043], "Distance_From_52w_Low": [0.9862162079697321, 0.011571672667358271, 0.0014416915847928235, 0.00028986391651919204, 0.0001373039604564594, 6.86519802282297e-05, 9.916397144077622e-05, 6.102398242509306e-05, 6.86519802282297e-05, 4.57679868188198e-05], "Consolidation_Tightness": [0.5656618050894001, 0.3402697260023189, 0.06846890828095442, 0.017948678830780496, 0.005454018429242692, 0.00151797156282419, 0.00038902788795996826, 0.0001830719472752792, 7.627997803136632e-05, 3.051199121254653e-05], "Distance_To_Resistance": [0.8901339476414231, 0.0918716055409776, 0.013387136144504791, 0.0031656190883017025, 0.0009916397144077622, 0.00023646793189723562, 7.627997803136632e-05, 3.813998901568316e-05, 5.339598462195643e-05, 4.57679868188198e-05], "RS_vs_SPY_20d": [0.0017468114969182889, 0.169494111185696, 0.763791420028071, 0.0560962958442668, 0.006735522060169647, 0.0017086715079026058, 0.00028986391651919204, 8.390797583450296e-05, 3.051199121254653e-05, 2.28839934094099e-05], "Momentum_Acceleration": [4.57679868188198e-05, 0.0004958198572038811, 0.019131018490266674, 0.824083114664063, 0.15114877646915237, 0.0044776347104412036, 0.0004500518703850613, 0.00012967596265332275, 1.5255995606273265e-05, 2.28839934094099e-05], "ATR_Pct": [0.17656526514920365, 0.5498947336303167, 0.18969304936840178, 0.055493684017819005, 0.018886922560566302, 0.006323610178800268, 0.001952767437602978, 0.0007094037956917068, 0.00038139989015683164, 9.916397144077622e-05], "Tightness_Ratio": [0.0018078354793433819, 0.031793494843473484, 0.11918746567400988, 0.18775553792640506, 0.1961539635076585, 0.16287300909257338, 0.12189540489412339, 0.08065082077256362, 0.05098553731616525, 0.04689693049368402], "MA50_Slope": [0.00029749191432232867, 0.0031503630926954292, 0.0587203270885458, 0.5918944895343871, 0.29765210227619454, 0.03833831695856472, 0.0072923658997986205, 0.002051931409043754, 0.0005034478550070177, 9.916397144077622e-05], "RSI_Delta_5d": [0.00023646793189723562, 0.0037072069323244037, 0.03408952218221761, 0.1628348691035577, 0.3612619759565509, 0.3053716360529688, 0.11065173613229999, 0.019802282296942697, 0.001891743455177885, 0.00015255995606273265]}}}