{"sklearn_version": "1.8.0", "feature_version": "v3.9", "feature_list": ["Support_Strength", "Distance_From_52w_Low", "Consolidation_Tightness", "Distance_To_Resistance", "RS_vs_SPY_20d", "Momentum_Acceleration", "ATR_Pct", "Tightness_Ratio", "MA50_Slope", "RSI_Delta_5d"], "training_timestamp_utc": "2026-07-18T02:59:30.278972", "model_type": "CalibratedEnsemble(HistGB+RF+LightGBM+LR)", "model_name": "ml_20d_v3_ensemble_calibrated", "cv_method": "RollingWindow(folds=5)", "target": "Rank-based (top 20% per date)", "target_mode": "rank", "metrics": {"oos_auc": 0.6062003556422901, "cv_auc_mean": 0.6062003556422901, "cv_auc_std": 0.060403262233838566, "precision_at_20": 0.38000000000000006, "precision_at_50": 0.356, "note": "Trained on 10 features (109542 samples)"}, "label_spec": {"horizon_days": 20, "threshold_type": "rank", "up_threshold": 0.05, "down_threshold": -0.02, "rank_top_pct": 0.2, "rank_bottom_pct": 0.4, "label_name": "Rank top 20%", "class_weighting": "balanced"}, "ensemble": {"models": ["HistGradientBoostingClassifier", "RandomForestClassifier", "LGBMClassifier", "LogisticRegression"], "weights": [0.3, 0.25, 0.3, 0.15]}, "early_stopping": {"enabled": true, "histgb_stopped_at_iter": 500, "histgb_max_iter": 500, "histgb_n_iter_no_change": 15, "lgbm_best_iteration": 6, "lgbm_n_estimators": 500, "lgbm_stopping_rounds": 50}, "regularization": {"histgb_l2": 0.1, "histgb_max_depth": 8, "rf_max_depth": 8, "lgbm_max_depth": 6, "lgbm_reg_alpha": 0.1, "lgbm_reg_lambda": 0.1, "lr_C": 1.0, "min_samples_leaf": 15}, "calibration": {"method": "sigmoid", "samples": 26290, "mean_calibration_error": 0.027792947518356422}, "evaluation": {"precision_at_20": 0.38000000000000006, "precision_at_50": 0.356, "lift_at_20": 1.9000000000000001, "lift_at_50": 1.7799999999999998, "baseline_precision": 0.2, "target_p20": 0.4, "excellent_p20": 0.6}, "drift": {"features_binned": 10, "binning_method": "pd.cut(10 equal-width bins)", "feature_bins": {"Support_Strength": [-0.001, 0.1, 0.2, 0.30000000000000004, 0.4, 0.5, 0.6000000000000001, 0.7000000000000001, 0.8, 0.9, 1.0], "Distance_From_52w_Low": [-0.05156508728179551, 5.156508728179551, 10.313017456359102, 15.469526184538653, 20.626034912718204, 25.782543640897757, 30.939052369077306, 36.095561097256855, 41.25206982543641, 46.40857855361596, 51.56508728179551], "Consolidation_Tightness": [0.00017726480416958672, 0.5417198050331058, 1.0779005379330426, 1.6140812708329795, 2.1502620037329163, 2.6864427366328534, 3.22262346953279, 3.7588042024327266, 4.294984935332664, 4.831165668232601, 5.367346401132537], "Distance_To_Resistance": [-0.0015878575598365441, 0.1587857559836544, 0.3175715119673088, 0.4763572679509632, 0.6351430239346176, 0.793928779918272, 0.9527145359019265, 1.111500291885581, 1.2702860478692353, 1.4290718038528896, 1.587857559836544], "RS_vs_SPY_20d": [-0.6217989900908352, 0.7637717648269229, 2.1356239974187625, 3.507476230010602, 4.879328462602442, 6.251180695194281, 7.623032927786121, 8.994885160377962, 10.3667373929698, 11.73858962556164, 13.11044185815348], "Momentum_Acceleration": [-4.365613420634885, -3.097552075191058, -1.8420457925734075, -0.5865395099557569, 0.6689667726618937, 1.9244730552795444, 3.179979337897195, 4.435485620514846, 5.690991903132496, 6.946498185750147, 8.202004468367797], "ATR_Pct": [0.0014216494280704735, 0.01783855430783291, 0.034092915574924436, 0.05034727684201596, 0.06660163810910749, 0.08285599937619902, 0.09911036064329054, 0.11536472191038206, 0.1316190831774736, 0.1478734444445651, 0.16412780571165664], "Tightness_Ratio": [0.0207788488019827, 0.11958138253924519, 0.21740567336821795, 0.31522996419719074, 0.41305425502616344, 0.5108785458551363, 0.608702836684109, 0.7065271275130817, 0.8043514183420545, 0.9021757091710273, 1.0], "MA50_Slope": [-0.20329965755389967, -0.006069087439481036, 0.18920870475301266, 0.3844864969455063, 0.579764289138, 0.7750420813304938, 0.9703198735229873, 1.165597665715481, 1.3608754579079747, 1.5561532501004685, 1.7514310422929622], "RSI_Delta_5d": [-68.48480556309333, -54.295393471001255, -40.246470607543756, -26.197547744086265, -12.148624880628766, 1.9002979828287323, 15.949220846286224, 29.99814370974373, 44.04706657320122, 58.09598943665871, 72.14491230011622]}, "training_bin_pct": {"Support_Strength": [0.4177025484975276, 0.1301179155572461, 0.10788893115252948, 0.09198174210726512, 0.07467478128565995, 0.0599695701787752, 0.045477367820464056, 0.0301635602890833, 0.019315329022441992, 0.022708254089007226], "Distance_From_52w_Low": [0.9877519969570179, 0.009311525294788892, 0.0011563332065424115, 0.0007074933434766071, 0.0006238113351084062, 0.00017497147204260176, 6.846709775580068e-05, 9.128946367440092e-05, 6.846709775580068e-05, 4.564473183720046e-05], "Consolidation_Tightness": [0.9912133891213389, 0.008558387219475086, 0.00013693419551160136, 2.282236591860023e-05, 1.5214910612400152e-05, 1.5214910612400152e-05, 7.607455306200076e-06, 0.0, 2.282236591860023e-05, 7.607455306200076e-06], "Distance_To_Resistance": [0.8880943324457968, 0.09387599847850894, 0.013495625713198935, 0.0031723088626854318, 0.0009889691898060098, 0.00016736401673640169, 6.085964244960061e-05, 3.803727653100038e-05, 6.085964244960061e-05, 4.564473183720046e-05], "RS_vs_SPY_20d": [0.9986458729554963, 0.0011639406618486115, 0.0, 0.0, 3.803727653100038e-05, 4.564473183720046e-05, 8.368200836820084e-05, 0.0, 0.0, 2.282236591860023e-05], "Momentum_Acceleration": [2.282236591860023e-05, 0.00011411182959300114, 7.607455306200076e-06, 0.9997185241536706, 8.368200836820084e-05, 0.0, 0.0, 3.0429821224800303e-05, 7.607455306200076e-06, 1.5214910612400152e-05], "ATR_Pct": [0.17645492582731076, 0.5513731456827691, 0.19110688474705212, 0.05415747432483834, 0.018440471662228983, 0.00600228223659186, 0.0016660327120578166, 0.0005096995055154051, 0.00019779383796120198, 9.128946367440092e-05], "Tightness_Ratio": [0.001901863826550019, 0.031532902244199315, 0.11791555724610119, 0.18686953214149868, 0.19554963864587296, 0.16326359832635984, 0.12272346899961963, 0.08158235070368962, 0.05151007987828071, 0.04715100798782807], "MA50_Slope": [0.30611639406618485, 0.6915176873335869, 0.0021300874857360214, 6.846709775580068e-05, 4.564473183720046e-05, 4.564473183720046e-05, 2.282236591860023e-05, 2.282236591860023e-05, 1.5214910612400152e-05, 1.5214910612400152e-05], "RSI_Delta_5d": [0.00023583111449220235, 0.0037352605553442374, 0.03373906428299734, 0.1611715481171548, 0.36209205020920504, 0.3064435146443515, 0.1108786610878661, 0.019642449600608597, 0.0019094712818562192, 0.0001521491061240015]}}}