{"sklearn_version": "1.8.0", "feature_version": "v3.8", "feature_list": ["Support_Strength", "Distance_From_52w_Low", "Consolidation_Tightness", "Distance_To_Resistance", "Sector_Momentum", "Sector_Rank", "RS_vs_SPY_20d", "Momentum_Acceleration", "ATR_Pct", "Tightness_Ratio", "MA50_Slope", "RSI_Delta_5d"], "training_timestamp_utc": "2026-07-09T02:37:09.310552", "model_type": "CalibratedEnsemble(HistGB+RF+LightGBM+LR)", "model_name": "ml_20d_v3_ensemble_calibrated", "cv_method": "RollingWindow(folds=5)", "target": "Rank-based (top 20% per date)", "target_mode": "rank", "metrics": {"oos_auc": 0.6174927386866804, "cv_auc_mean": 0.6174927386866804, "cv_auc_std": 0.04426381223063149, "precision_at_20": 0.62, "precision_at_50": 0.576, "note": "Trained on 12 features (109236 samples)"}, "label_spec": {"horizon_days": 20, "threshold_type": "rank", "up_threshold": 0.05, "down_threshold": -0.02, "rank_top_pct": 0.2, "rank_bottom_pct": 0.4, "label_name": "Rank top 20%", "class_weighting": "balanced"}, "ensemble": {"models": ["HistGradientBoostingClassifier", "RandomForestClassifier", "LGBMClassifier", "LogisticRegression"], "weights": [0.3, 0.25, 0.3, 0.15]}, "early_stopping": {"enabled": true, "histgb_stopped_at_iter": 500, "histgb_max_iter": 500, "histgb_n_iter_no_change": 15, "lgbm_best_iteration": 7, "lgbm_n_estimators": 500, "lgbm_stopping_rounds": 50}, "regularization": {"histgb_l2": 0.1, "histgb_max_depth": 8, "rf_max_depth": 8, "lgbm_max_depth": 6, "lgbm_reg_alpha": 0.1, "lgbm_reg_lambda": 0.1, "lr_C": 1.0, "min_samples_leaf": 15}, "calibration": {"method": "sigmoid", "samples": 26217, "mean_calibration_error": 0.020590576875214612}, "evaluation": {"precision_at_20": 0.62, "precision_at_50": 0.576, "lift_at_20": 3.0999999999999996, "lift_at_50": 2.8799999999999994, "baseline_precision": 0.2, "target_p20": 0.4, "excellent_p20": 0.6}, "drift": {"features_binned": 12, "binning_method": "pd.cut(10 equal-width bins)", "feature_bins": {"Support_Strength": [-0.001, 0.1, 0.2, 0.30000000000000004, 0.4, 0.5, 0.6000000000000001, 0.7000000000000001, 0.8, 0.9, 1.0], "Distance_From_52w_Low": [-0.04867453213995119, 4.867453213995119, 9.734906427990238, 14.602359641985355, 19.469812855980475, 24.337266069975595, 29.20471928397071, 34.07217249796583, 38.93962571196095, 43.80707892595607, 48.67453213995119], "Consolidation_Tightness": [0.004231427255328179, 0.13630355991724655, 0.26706804770132414, 0.39783253548540176, 0.5285970232694793, 0.6593615110535569, 0.7901259988376346, 0.9208904866217121, 1.0516549744057897, 1.1824194621898674, 1.3131839499739448], "Distance_To_Resistance": [-0.0015878575598365441, 0.1587857559836544, 0.3175715119673088, 0.4763572679509632, 0.6351430239346176, 0.793928779918272, 0.9527145359019265, 1.111500291885581, 1.2702860478692353, 1.4290718038528896, 1.587857559836544], "Sector_Momentum": [-0.12495737962932515, -0.08833134953254637, -0.05206795339712182, -0.015804557261697272, 0.020458838873727264, 0.0567222350091518, 0.09298563114457636, 0.12924902728000087, 0.16551242341542544, 0.20177581955085, 0.2380392156862745], "Sector_Rank": [-0.001, 0.1, 0.2, 0.30000000000000004, 0.4, 0.5, 0.6000000000000001, 0.7000000000000001, 0.8, 0.9, 1.0], "RS_vs_SPY_20d": [-0.6107070089647907, -0.34542634777752806, -0.08277222779013937, 0.17988189219724937, 0.442536012184638, 0.7051901321720266, 0.9678442521594155, 1.2304983721468041, 1.4931524921341928, 1.7558066121215816, 2.01846073210897], "Momentum_Acceleration": [-0.7231490143494237, -0.5253996306628113, -0.3296081616661653, -0.13381669266951934, 0.06197477632712667, 0.2577662453237727, 0.4535577143204186, 0.6493491833170646, 0.8451406523137106, 1.0409321213103566, 1.2367235903070026], "ATR_Pct": [0.0014216494280704735, 0.01783855430783291, 0.034092915574924436, 0.05034727684201596, 0.06660163810910749, 0.08285599937619902, 0.09911036064329054, 0.11536472191038206, 0.1316190831774736, 0.1478734444445651, 0.16412780571165664], "Tightness_Ratio": [0.0207788488019827, 0.11958138253924519, 0.21740567336821795, 0.31522996419719074, 0.41305425502616344, 0.5108785458551363, 0.608702836684109, 0.7065271275130817, 0.8043514183420545, 0.9021757091710273, 1.0], "MA50_Slope": [-0.2018758564044308, -0.14844920238639164, -0.09555152514080834, -0.04265384789522503, 0.01024382935035828, 0.06314150659594159, 0.1160391838415249, 0.1689368610871082, 0.2218345383326915, 0.2747322155782748, 0.3276298928238581], "RSI_Delta_5d": [-68.48480556309333, -54.295393471001255, -40.246470607543756, -26.197547744086265, -12.148624880628766, 1.9002979828287323, 15.949220846286224, 29.99814370974373, 44.04706657320122, 58.09598943665871, 72.14491230011622]}, "training_bin_pct": {"Support_Strength": [0.4235636962840338, 0.1296811943577733, 0.10800790338945554, 0.09066774486394116, 0.07392262917388219, 0.059084702059000786, 0.044483266327441394, 0.029500392880846486, 0.019232089592090506, 0.021856381071534828], "Distance_From_52w_Low": [0.9867641112882677, 0.011374472662358963, 0.0011137981279036946, 0.0002670064005248583, 0.00013731757741278428, 6.865878870639214e-05, 9.917380590923309e-05, 6.103003440568189e-05, 6.865878870639214e-05, 4.577252580426142e-05], "Consolidation_Tightness": [0.5261246691027822, 0.36354828620034635, 0.07947636230479925, 0.021452057093597186, 0.00642341112119802, 0.0021665662214017073, 0.0005187552924482961, 0.00017546134891633546, 8.39162973078126e-05, 3.0515017202840947e-05], "Distance_To_Resistance": [0.8914657125637955, 0.09094238001876674, 0.01315197241442445, 0.0030743879831862256, 0.0009688517961902001, 0.00019071885751775593, 6.865878870639214e-05, 3.814377150355119e-05, 5.340128010497166e-05, 4.577252580426142e-05], "Sector_Momentum": [0.0013426607569250017, 0.010481908409175865, 0.044300176224224344, 0.8531388509570272, 0.05433961688395902, 0.025678386976190657, 0.005042606592769467, 0.0021055361869960253, 0.0022352250101080997, 0.0013350320026242915], "Sector_Rank": [0.08551833571096176, 0.0, 0.0, 0.0, 0.766315998260644, 0.0, 0.0, 0.0, 0.0, 0.14816566602839423], "RS_vs_SPY_20d": [0.0017088409633590931, 0.16948803429887935, 0.7655607515848737, 0.05473631210759595, 0.006560728698610804, 0.0016325534203519908, 0.0002212338747205969, 6.865878870639214e-05, 0.0, 2.288626290213071e-05], "Momentum_Acceleration": [3.0515017202840947e-05, 0.0006026715897561087, 0.02356522203489392, 0.8533524560774471, 0.1181160028378966, 0.003837263413257249, 0.00035855145213338117, 9.917380590923309e-05, 1.5257508601420473e-05, 2.288626290213071e-05], "ATR_Pct": [0.17775760396084922, 0.5536339571111433, 0.18818611108992012, 0.05388952038021711, 0.018408184127613803, 0.00577496700563765, 0.0015867808945477294, 0.00048061152094474495, 0.00019071885751775593, 9.154505160852284e-05], "Tightness_Ratio": [0.0018309010321704568, 0.03187293546836737, 0.11996979013296918, 0.18804879351250733, 0.19567754781321758, 0.1630646231776813, 0.1213887384329013, 0.08046810036389158, 0.05083038990563231, 0.046848180160661564], "MA50_Slope": [0.0002670064005248583, 0.002631920233745032, 0.042034436196913404, 0.4996528916793177, 0.38960048213727183, 0.05255448837759282, 0.010008925642531832, 0.0026242914794443214, 0.0005416415553504268, 8.39162973078126e-05], "RSI_Delta_5d": [0.00023649138332201735, 0.003730460853047306, 0.03410053172417476, 0.16211865764439326, 0.3605272994972651, 0.30600459251008905, 0.11143321407047443, 0.019804246164643775, 0.0018919310665761388, 0.00015257508601420475]}}}