{"sklearn_version": "1.8.0", "feature_version": "v3.9", "feature_list": ["Support_Strength", "Distance_From_52w_Low", "Consolidation_Tightness", "Distance_To_Resistance", "RS_vs_SPY_20d", "Momentum_Acceleration", "ATR_Pct", "Tightness_Ratio", "MA50_Slope", "RSI_Delta_5d"], "training_timestamp_utc": "2026-07-17T03:08:56.559277", "model_type": "CalibratedEnsemble(HistGB+RF+LightGBM+LR)", "model_name": "ml_20d_v3_ensemble_calibrated", "cv_method": "RollingWindow(folds=5)", "target": "Rank-based (top 20% per date)", "target_mode": "rank", "metrics": {"oos_auc": 0.6052844583505255, "cv_auc_mean": 0.6052844583505255, "cv_auc_std": 0.05576814658825418, "precision_at_20": 0.35, "precision_at_50": 0.42400000000000004, "note": "Trained on 10 features (109291 samples)"}, "label_spec": {"horizon_days": 20, "threshold_type": "rank", "up_threshold": 0.05, "down_threshold": -0.02, "rank_top_pct": 0.2, "rank_bottom_pct": 0.4, "label_name": "Rank top 20%", "class_weighting": "balanced"}, "ensemble": {"models": ["HistGradientBoostingClassifier", "RandomForestClassifier", "LGBMClassifier", "LogisticRegression"], "weights": [0.3, 0.25, 0.3, 0.15]}, "early_stopping": {"enabled": true, "histgb_stopped_at_iter": 500, "histgb_max_iter": 500, "histgb_n_iter_no_change": 15, "lgbm_best_iteration": 5, "lgbm_n_estimators": 500, "lgbm_stopping_rounds": 50}, "regularization": {"histgb_l2": 0.1, "histgb_max_depth": 8, "rf_max_depth": 8, "lgbm_max_depth": 6, "lgbm_reg_alpha": 0.1, "lgbm_reg_lambda": 0.1, "lr_C": 1.0, "min_samples_leaf": 15}, "calibration": {"method": "sigmoid", "samples": 26230, "mean_calibration_error": 0.026694583210986306}, "evaluation": {"precision_at_20": 0.35, "precision_at_50": 0.42400000000000004, "lift_at_20": 1.7499999999999998, "lift_at_50": 2.12, "baseline_precision": 0.2, "target_p20": 0.4, "excellent_p20": 0.6}, "drift": {"features_binned": 10, "binning_method": "pd.cut(10 equal-width bins)", "feature_bins": {"Support_Strength": [-0.001, 0.1, 0.2, 0.30000000000000004, 0.4, 0.5, 0.6000000000000001, 0.7000000000000001, 0.8, 0.9, 1.0], "Distance_From_52w_Low": [-0.05156508728179551, 5.156508728179551, 10.313017456359102, 15.469526184538653, 20.626034912718204, 25.782543640897757, 30.939052369077306, 36.095561097256855, 41.25206982543641, 46.40857855361596, 51.56508728179551], "Consolidation_Tightness": [0.00017726480416958672, 0.5417198050331058, 1.0779005379330426, 1.6140812708329795, 2.1502620037329163, 2.6864427366328534, 3.22262346953279, 3.7588042024327266, 4.294984935332664, 4.831165668232601, 5.367346401132537], "Distance_To_Resistance": [-0.0015878575598365441, 0.1587857559836544, 0.3175715119673088, 0.4763572679509632, 0.6351430239346176, 0.793928779918272, 0.9527145359019265, 1.111500291885581, 1.2702860478692353, 1.4290718038528896, 1.587857559836544], "RS_vs_SPY_20d": [-0.6217989900908352, 0.7637717648269229, 2.1356239974187625, 3.507476230010602, 4.879328462602442, 6.251180695194281, 7.623032927786121, 8.994885160377962, 10.3667373929698, 11.73858962556164, 13.11044185815348], "Momentum_Acceleration": [-4.364522242303588, -3.140002812403962, -1.9276073372558176, -0.7152118621076733, 0.49718361304047143, 1.7095790881886161, 2.92197456333676, 4.134370038484906, 5.346765513633049, 6.559160988781193, 7.771556463929339], "ATR_Pct": [0.0014216494280704735, 0.01783855430783291, 0.034092915574924436, 0.05034727684201596, 0.06660163810910749, 0.08285599937619902, 0.09911036064329054, 0.11536472191038206, 0.1316190831774736, 0.1478734444445651, 0.16412780571165664], "Tightness_Ratio": [0.0207788488019827, 0.11958138253924519, 0.21740567336821795, 0.31522996419719074, 0.41305425502616344, 0.5108785458551363, 0.608702836684109, 0.7065271275130817, 0.8043514183420545, 0.9021757091710273, 1.0], "MA50_Slope": [-0.2032996575538999, -0.006069087439481258, 0.18920870475301244, 0.3844864969455061, 0.5797642891379998, 0.7750420813304936, 0.9703198735229871, 1.165597665715481, 1.3608754579079747, 1.5561532501004685, 1.7514310422929622], "RSI_Delta_5d": [-68.48480556309333, -54.295393471001255, -40.246470607543756, -26.197547744086265, -12.148624880628766, 1.9002979828287323, 15.949220846286224, 29.99814370974373, 44.04706657320122, 58.09598943665871, 72.14491230011622]}, "training_bin_pct": {"Support_Strength": [0.4168388626676528, 0.13063767165590282, 0.10786205003469336, 0.09204035105109455, 0.07483091750604275, 0.060030957155601646, 0.045566493072764565, 0.030270913236090248, 0.019382534369305142, 0.022539249250852083], "Distance_From_52w_Low": [0.9883720043614515, 0.008722902957704596, 0.0011437372759228054, 0.0007014921958993206, 0.0006176181289983149, 0.00017537304897483015, 6.862423655536832e-05, 9.149898207382443e-05, 6.862423655536832e-05, 3.8124575864093515e-05], "Consolidation_Tightness": [0.9914067206002333, 0.008372156859754936, 0.00013724847311073665, 2.2874745518456107e-05, 1.5249830345637405e-05, 1.5249830345637405e-05, 7.624915172818702e-06, 0.0, 1.5249830345637405e-05, 7.624915172818702e-06], "Distance_To_Resistance": [0.888294992718206, 0.0936492081525593, 0.013473225110370647, 0.0031872145422382177, 0.0010141137179848873, 0.00016774813380201144, 6.862423655536832e-05, 3.8124575864093515e-05, 6.099932138254962e-05, 4.5749491036912214e-05], "RS_vs_SPY_20d": [0.9987037644206208, 0.0011208625304043492, 0.0, 0.0, 3.8124575864093515e-05, 4.5749491036912214e-05, 7.624915172818703e-05, 0.0, 0.0, 1.5249830345637405e-05], "Momentum_Acceleration": [1.5249830345637405e-05, 0.00010674881241946184, 1.5249830345637405e-05, 0.9995425050896308, 0.0002744969462214733, 0.0, 0.0, 3.049966069127481e-05, 7.624915172818702e-06, 7.624915172818702e-06], "ATR_Pct": [0.176936156585258, 0.5522802308824314, 0.1908897513515162, 0.05360315366491548, 0.017964300147160862, 0.005947433834798588, 0.0015936072711191089, 0.0004956194862332157, 0.00019824779449328627, 9.149898207382443e-05], "Tightness_Ratio": [0.0018909789628590381, 0.03155952390029661, 0.11842255754904726, 0.18732129105063705, 0.19563244858900944, 0.16316555978314742, 0.12257813631823346, 0.08135784489397556, 0.05129280436755141, 0.04677885458524274], "MA50_Slope": [0.3072764565494209, 0.6905275678808074, 0.0019748530297600438, 6.099932138254962e-05, 4.5749491036912214e-05, 3.8124575864093515e-05, 2.2874745518456107e-05, 2.2874745518456107e-05, 1.5249830345637405e-05, 1.5249830345637405e-05], "RSI_Delta_5d": [0.00023637237035737977, 0.0037743330105452578, 0.033930872519043226, 0.16205232216791587, 0.36133710512470546, 0.30616321893418935, 0.1107747676307101, 0.01967228114587225, 0.0019062287932046756, 0.00015249830345637406]}}}