{"sklearn_version": "1.8.0", "feature_version": "v3.9", "feature_list": ["Support_Strength", "Distance_From_52w_Low", "Consolidation_Tightness", "Distance_To_Resistance", "RS_vs_SPY_20d", "Momentum_Acceleration", "ATR_Pct", "Tightness_Ratio", "MA50_Slope", "RSI_Delta_5d"], "training_timestamp_utc": "2026-07-23T03:12:57.948717", "model_type": "CalibratedEnsemble(HistGB+RF+LightGBM+LR)", "model_name": "ml_20d_v3_ensemble_calibrated", "cv_method": "RollingWindow(folds=5)", "target": "Rank-based (top 20% per date)", "target_mode": "rank", "metrics": {"oos_auc": 0.6011835163751394, "cv_auc_mean": 0.6011835163751394, "cv_auc_std": 0.06478066146147615, "precision_at_20": 0.38, "precision_at_50": 0.376, "note": "Trained on 10 features (109545 samples)"}, "label_spec": {"horizon_days": 20, "threshold_type": "rank", "up_threshold": 0.05, "down_threshold": -0.02, "rank_top_pct": 0.2, "rank_bottom_pct": 0.4, "label_name": "Rank top 20%", "class_weighting": "balanced"}, "ensemble": {"models": ["HistGradientBoostingClassifier", "RandomForestClassifier", "LGBMClassifier", "LogisticRegression"], "weights": [0.3, 0.25, 0.3, 0.15]}, "early_stopping": {"enabled": true, "histgb_stopped_at_iter": 500, "histgb_max_iter": 500, "histgb_n_iter_no_change": 15, "lgbm_best_iteration": 4, "lgbm_n_estimators": 500, "lgbm_stopping_rounds": 50}, "regularization": {"histgb_l2": 0.1, "histgb_max_depth": 8, "rf_max_depth": 8, "lgbm_max_depth": 6, "lgbm_reg_alpha": 0.1, "lgbm_reg_lambda": 0.1, "lr_C": 1.0, "min_samples_leaf": 15}, "calibration": {"method": "sigmoid", "samples": 26291, "mean_calibration_error": 0.020593367967224743}, "evaluation": {"precision_at_20": 0.38, "precision_at_50": 0.376, "lift_at_20": 1.9, "lift_at_50": 1.88, "baseline_precision": 0.2, "target_p20": 0.4, "excellent_p20": 0.6}, "drift": {"features_binned": 10, "binning_method": "pd.cut(10 equal-width bins)", "feature_bins": {"Support_Strength": [-0.001, 0.1, 0.2, 0.30000000000000004, 0.4, 0.5, 0.6000000000000001, 0.7000000000000001, 0.8, 0.9, 1.0], "Distance_From_52w_Low": [-0.05570149625935162, 5.570149625935162, 11.140299251870324, 16.710448877805486, 22.28059850374065, 27.85074812967581, 33.42089775561097, 38.99104738154614, 44.5611970074813, 50.131346633416456, 55.70149625935162], "Consolidation_Tightness": [0.00017726480416958759, 0.5417198050331057, 1.0779005379330424, 1.6140812708329793, 2.150262003732916, 2.6864427366328525, 3.2226234695327896, 3.758804202432726, 4.294984935332663, 4.8311656682326, 5.3673464011325365], "Distance_To_Resistance": [-0.0015878575598365441, 0.1587857559836544, 0.3175715119673088, 0.4763572679509632, 0.6351430239346176, 0.793928779918272, 0.9527145359019265, 1.111500291885581, 1.2702860478692353, 1.4290718038528896, 1.587857559836544], "RS_vs_SPY_20d": [-0.6217989900908352, 0.7637717648269229, 2.1356239974187625, 3.507476230010602, 4.879328462602442, 6.251180695194281, 7.623032927786121, 8.994885160377962, 10.3667373929698, 11.73858962556164, 13.11044185815348], "Momentum_Acceleration": [-4.365613420634885, -3.097552075191058, -1.8420457925734075, -0.5865395099557569, 0.6689667726618937, 1.9244730552795444, 3.179979337897195, 4.435485620514846, 5.690991903132496, 6.946498185750147, 8.202004468367797], "ATR_Pct": [0.0014216494280704735, 0.01783855430783291, 0.034092915574924436, 0.05034727684201596, 0.06660163810910749, 0.08285599937619902, 0.09911036064329054, 0.11536472191038206, 0.1316190831774736, 0.1478734444445651, 0.16412780571165664], "Tightness_Ratio": [0.0207788488019827, 0.11958138253924519, 0.21740567336821795, 0.31522996419719074, 0.41305425502616344, 0.5108785458551363, 0.608702836684109, 0.7065271275130817, 0.8043514183420545, 0.9021757091710273, 1.0], "MA50_Slope": [-0.20257363524079752, -0.07867131874971836, 0.04400424213253823, 0.1666798030147948, 0.2893553638970514, 0.412030924779308, 0.5347064856615645, 0.6573820465438212, 0.7800576074260778, 0.9027331683083343, 1.0254087291905911], "RSI_Delta_5d": [-68.48480556309333, -54.295393471001255, -40.246470607543756, -26.197547744086265, -12.148624880628766, 1.9002979828287323, 15.949220846286224, 29.99814370974373, 44.04706657320122, 58.09598943665871, 72.14491230011622]}, "training_bin_pct": {"Support_Strength": [0.4181767005948849, 0.13038020904651057, 0.10878330062227091, 0.09183440595189192, 0.07480183181949579, 0.05987645868516744, 0.04501955056521673, 0.02969860179226193, 0.01894959453497041, 0.02247934638732941], "Distance_From_52w_Low": [0.9882924825414213, 0.00990460541330047, 0.0010650113347634915, 0.00026625283369087287, 0.00011410835729608837, 0.00010650113347634914, 6.846501437765302e-05, 9.128668583687069e-05, 6.846501437765302e-05, 2.282167145921767e-05], "Consolidation_Tightness": [0.9905898641349826, 0.009273205836262115, 9.128668583687069e-05, 0.0, 0.0, 7.607223819739224e-06, 1.5214447639478448e-05, 0.0, 1.5214447639478448e-05, 7.607223819739224e-06], "Distance_To_Resistance": [0.8840278728680755, 0.0963302752293578, 0.014537404719521658, 0.0035830024190971746, 0.0011106546776819268, 0.00019018059549348062, 8.367946201713147e-05, 3.803611909869612e-05, 5.325056673817457e-05, 4.564334291843534e-05], "RS_vs_SPY_20d": [0.9985318058027903, 0.001392121959012278, 0.0, 0.0, 7.607223819739224e-06, 1.5214447639478448e-05, 2.282167145921767e-05, 0.0, 0.0, 3.0428895278956897e-05], "Momentum_Acceleration": [3.0428895278956897e-05, 7.607223819739224e-06, 7.607223819739224e-06, 0.999794604956867, 0.00012171558111582759, 0.0, 0.0, 0.0, 7.607223819739224e-06, 3.0428895278956897e-05], "ATR_Pct": [0.17192325832610647, 0.5470658937727266, 0.19296483941150516, 0.05659774521885983, 0.020760113804068343, 0.0074550793433444396, 0.0022213093553638537, 0.0006998645914160086, 0.00019778781931321983, 0.00011410835729608837], "Tightness_Ratio": [0.001825733716737414, 0.031592800523377, 0.11782068252012111, 0.18666605808876108, 0.19561976052459415, 0.16322820150014453, 0.122841450241149, 0.08170158382399927, 0.051637835288389854, 0.04706589377272658], "MA50_Slope": [0.00774415384849453, 0.8609855919180854, 0.12691131498470948, 0.004168758653217095, 0.00012932280493556682, 7.607223819739224e-06, 7.607223819739224e-06, 1.5214447639478448e-05, 1.5214447639478448e-05, 1.5214447639478448e-05], "RSI_Delta_5d": [0.00023582393841191596, 0.0038188263575090905, 0.03390539656457772, 0.16050481537267788, 0.3616169914951238, 0.30707319670759353, 0.11107307499201241, 0.01971031691694433, 0.0019094131787545452, 0.0001521444763947845]}}}