{"sklearn_version": "1.8.0", "feature_version": "v3.9", "feature_list": ["Support_Strength", "Distance_From_52w_Low", "Consolidation_Tightness", "Distance_To_Resistance", "RS_vs_SPY_20d", "Momentum_Acceleration", "ATR_Pct", "Tightness_Ratio", "MA50_Slope", "RSI_Delta_5d"], "training_timestamp_utc": "2026-07-24T03:07:30.163162", "model_type": "CalibratedEnsemble(HistGB+RF+LightGBM+LR)", "model_name": "ml_20d_v3_ensemble_calibrated", "cv_method": "RollingWindow(folds=5)", "target": "Rank-based (top 20% per date)", "target_mode": "rank", "metrics": {"oos_auc": 0.6037536184654041, "cv_auc_mean": 0.6037536184654041, "cv_auc_std": 0.06785347311534723, "precision_at_20": 0.33999999999999997, "precision_at_50": 0.376, "note": "Trained on 10 features (109335 samples)"}, "label_spec": {"horizon_days": 20, "threshold_type": "rank", "up_threshold": 0.05, "down_threshold": -0.02, "rank_top_pct": 0.2, "rank_bottom_pct": 0.4, "label_name": "Rank top 20%", "class_weighting": "balanced"}, "ensemble": {"models": ["HistGradientBoostingClassifier", "RandomForestClassifier", "LGBMClassifier", "LogisticRegression"], "weights": [0.3, 0.25, 0.3, 0.15]}, "early_stopping": {"enabled": true, "histgb_stopped_at_iter": 500, "histgb_max_iter": 500, "histgb_n_iter_no_change": 15, "lgbm_best_iteration": 4, "lgbm_n_estimators": 500, "lgbm_stopping_rounds": 50}, "regularization": {"histgb_l2": 0.1, "histgb_max_depth": 8, "rf_max_depth": 8, "lgbm_max_depth": 6, "lgbm_reg_alpha": 0.1, "lgbm_reg_lambda": 0.1, "lr_C": 1.0, "min_samples_leaf": 15}, "calibration": {"method": "sigmoid", "samples": 26241, "mean_calibration_error": 0.025376390897106353}, "evaluation": {"precision_at_20": 0.33999999999999997, "precision_at_50": 0.376, "lift_at_20": 1.6999999999999997, "lift_at_50": 1.88, "baseline_precision": 0.2, "target_p20": 0.4, "excellent_p20": 0.6}, "drift": {"features_binned": 10, "binning_method": "pd.cut(10 equal-width bins)", "feature_bins": {"Support_Strength": [-0.001, 0.1, 0.2, 0.30000000000000004, 0.4, 0.5, 0.6000000000000001, 0.7000000000000001, 0.8, 0.9, 1.0], "Distance_From_52w_Low": [-0.05570149625935162, 5.570149625935162, 11.140299251870324, 16.710448877805486, 22.28059850374065, 27.85074812967581, 33.42089775561097, 38.99104738154614, 44.5611970074813, 50.131346633416456, 55.70149625935162], "Consolidation_Tightness": [0.00017726480416958672, 0.5417198050331058, 1.0779005379330426, 1.6140812708329795, 2.1502620037329163, 2.6864427366328534, 3.22262346953279, 3.7588042024327266, 4.294984935332664, 4.831165668232601, 5.367346401132537], "Distance_To_Resistance": [-0.0015878575598365441, 0.1587857559836544, 0.3175715119673088, 0.4763572679509632, 0.6351430239346176, 0.793928779918272, 0.9527145359019265, 1.111500291885581, 1.2702860478692353, 1.4290718038528896, 1.587857559836544], "RS_vs_SPY_20d": [-0.6217989900908352, 0.7637717648269229, 2.1356239974187625, 3.507476230010602, 4.879328462602442, 6.251180695194281, 7.623032927786121, 8.994885160377962, 10.3667373929698, 11.73858962556164, 13.11044185815348], "Momentum_Acceleration": [-4.365613420634885, -3.097552075191058, -1.8420457925734075, -0.5865395099557569, 0.6689667726618937, 1.9244730552795444, 3.179979337897195, 4.435485620514846, 5.690991903132496, 6.946498185750147, 8.202004468367797], "ATR_Pct": [0.0014216494280704735, 0.01783855430783291, 0.034092915574924436, 0.05034727684201596, 0.06660163810910749, 0.08285599937619902, 0.09911036064329054, 0.11536472191038206, 0.1316190831774736, 0.1478734444445651, 0.16412780571165664], "Tightness_Ratio": [0.0207788488019827, 0.11958138253924519, 0.21740567336821795, 0.31522996419719074, 0.41305425502616344, 0.5108785458551363, 0.608702836684109, 0.7065271275130817, 0.8043514183420545, 0.9021757091710273, 1.0], "MA50_Slope": [-0.2032996575538999, -0.0060690874394812855, 0.18920870475301238, 0.3844864969455061, 0.5797642891379997, 0.7750420813304933, 0.9703198735229871, 1.1655976657154805, 1.3608754579079743, 1.556153250100468, 1.7514310422929618], "RSI_Delta_5d": [-68.48480556309333, -54.295393471001255, -40.246470607543756, -26.197547744086265, -12.148624880628766, 1.9002979828287323, 15.949220846286224, 29.99814370974373, 44.04706657320122, 58.09598943665871, 72.14491230011622]}, "training_bin_pct": {"Support_Strength": [0.4184952858591017, 0.13038010381018436, 0.10855862379097721, 0.09178283702105929, 0.07463357748797646, 0.059908079968902676, 0.04496916944230608, 0.029649164259418756, 0.018909916845145997, 0.022713241514927478], "Distance_From_52w_Low": [0.9873019260523929, 0.009824620239175007, 0.001303343724514295, 0.0007164579538265714, 0.00044206980129724623, 0.0001524378625162918, 6.859703813233131e-05, 9.146271750977508e-05, 7.62189312581459e-05, 2.286567937744377e-05], "Consolidation_Tightness": [0.990419280340851, 0.009321575292871243, 0.00013719407626466262, 2.286567937744377e-05, 2.286567937744377e-05, 2.286567937744377e-05, 2.286567937744377e-05, 0.0, 2.286567937744377e-05, 7.62189312581459e-06], "Distance_To_Resistance": [0.8840176523044794, 0.09635597289654804, 0.014611169122186568, 0.0035594240897554134, 0.001059443144488228, 0.00019816922127117932, 6.097514500651672e-05, 3.810946562907295e-05, 5.335325188070213e-05, 4.573135875488754e-05], "RS_vs_SPY_20d": [0.9982850740466918, 0.001486269159533845, 0.0, 0.0, 5.335325188070213e-05, 5.335325188070213e-05, 9.146271750977508e-05, 0.0, 0.0, 3.048757250325836e-05], "Momentum_Acceleration": [3.048757250325836e-05, 0.00012957218313884803, 7.62189312581459e-06, 0.9996417710230867, 0.00012195029001303344, 0.0, 0.0, 3.048757250325836e-05, 7.62189312581459e-06, 3.048757250325836e-05], "ATR_Pct": [0.17202612784963528, 0.5464440057621512, 0.19252139846495073, 0.05731663630612571, 0.021013559347870824, 0.007446589583920854, 0.0022179708996120455, 0.0006935922744491276, 0.00020579111439699392, 0.00011432839688721884], "Tightness_Ratio": [0.0019054732814536475, 0.031775672441521026, 0.11779635825946448, 0.1863552869261667, 0.1957530811502961, 0.1633447915793325, 0.12288778286750864, 0.08158474401871937, 0.05163832592739385, 0.046958483548143685], "MA50_Slope": [0.3069260142834277, 0.6900557160387497, 0.0027362596321674378, 6.859703813233131e-05, 7.62189312581459e-05, 5.335325188070213e-05, 3.048757250325836e-05, 2.286567937744377e-05, 1.524378625162918e-05, 1.524378625162918e-05], "RSI_Delta_5d": [0.00023627868690025228, 0.003826190349158924, 0.034161324989900994, 0.1605399349090327, 0.3614149282398762, 0.30673546695528237, 0.11115768934687997, 0.01984740969962119, 0.0019283389608310913, 0.0001524378625162918]}}}