{"sklearn_version": "1.8.0", "feature_version": "v3.8", "feature_list": ["Support_Strength", "Distance_From_52w_Low", "Consolidation_Tightness", "Distance_To_Resistance", "Sector_Momentum", "Sector_Rank", "RS_vs_SPY_20d", "Momentum_Acceleration", "ATR_Pct", "Tightness_Ratio", "MA50_Slope", "RSI_Delta_5d"], "training_timestamp_utc": "2026-07-07T02:43:04.864363", "model_type": "CalibratedEnsemble(HistGB+RF+LightGBM+LR)", "model_name": "ml_20d_v3_ensemble_calibrated", "cv_method": "RollingWindow(folds=5)", "target": "Rank-based (top 20% per date)", "target_mode": "rank", "metrics": {"oos_auc": 0.6250210338791166, "cv_auc_mean": 0.6250210338791166, "cv_auc_std": 0.0418706200384501, "precision_at_20": 0.58, "precision_at_50": 0.584, "note": "Trained on 12 features (108324 samples)"}, "label_spec": {"horizon_days": 20, "threshold_type": "rank", "up_threshold": 0.05, "down_threshold": -0.02, "rank_top_pct": 0.2, "rank_bottom_pct": 0.4, "label_name": "Rank top 20%", "class_weighting": "balanced"}, "ensemble": {"models": ["HistGradientBoostingClassifier", "RandomForestClassifier", "LGBMClassifier", "LogisticRegression"], "weights": [0.3, 0.25, 0.3, 0.15]}, "early_stopping": {"enabled": true, "histgb_stopped_at_iter": 500, "histgb_max_iter": 500, "histgb_n_iter_no_change": 15, "lgbm_best_iteration": 8, "lgbm_n_estimators": 500, "lgbm_stopping_rounds": 50}, "regularization": {"histgb_l2": 0.1, "histgb_max_depth": 8, "rf_max_depth": 8, "lgbm_max_depth": 6, "lgbm_reg_alpha": 0.1, "lgbm_reg_lambda": 0.1, "lr_C": 1.0, "min_samples_leaf": 15}, "calibration": {"method": "sigmoid", "samples": 25998, "mean_calibration_error": 0.013543199606984455}, "evaluation": {"precision_at_20": 0.58, "precision_at_50": 0.584, "lift_at_20": 2.8999999999999995, "lift_at_50": 2.9199999999999995, "baseline_precision": 0.2, "target_p20": 0.4, "excellent_p20": 0.6}, "drift": {"features_binned": 12, "binning_method": "pd.cut(10 equal-width bins)", "feature_bins": {"Support_Strength": [-0.001, 0.1, 0.2, 0.30000000000000004, 0.4, 0.5, 0.6000000000000001, 0.7000000000000001, 0.8, 0.9, 1.0], "Distance_From_52w_Low": [-0.04867453213995119, 4.867453213995119, 9.734906427990238, 14.602359641985355, 19.469812855980475, 24.337266069975595, 29.20471928397071, 34.07217249796583, 38.93962571196095, 43.80707892595607, 48.67453213995119], "Consolidation_Tightness": [0.004141993610529626, 0.14524692439710185, 0.28495477666103475, 0.42466262892496764, 0.5643704811889005, 0.7040783334528334, 0.8437861857167663, 0.9834940379806992, 1.1232018902446321, 1.262909742508565, 1.402617594772498], "Distance_To_Resistance": [-0.0015878575598365441, 0.1587857559836544, 0.3175715119673088, 0.4763572679509632, 0.6351430239346176, 0.793928779918272, 0.9527145359019265, 1.111500291885581, 1.2702860478692353, 1.4290718038528896, 1.587857559836544], "Sector_Momentum": [-0.12495737962932515, -0.08833134953254637, -0.05206795339712182, -0.015804557261697272, 0.020458838873727264, 0.0567222350091518, 0.09298563114457636, 0.12924902728000087, 0.16551242341542544, 0.20177581955085, 0.2380392156862745], "Sector_Rank": [-0.001, 0.1, 0.2, 0.30000000000000004, 0.4, 0.5, 0.6000000000000001, 0.7000000000000001, 0.8, 0.9, 1.0], "RS_vs_SPY_20d": [-0.6107070089647907, -0.34542634777752806, -0.08277222779013937, 0.17988189219724937, 0.442536012184638, 0.7051901321720266, 0.9678442521594155, 1.2304983721468041, 1.4931524921341928, 1.7558066121215816, 2.01846073210897], "Momentum_Acceleration": [-0.7403470529865559, -0.5408624026642288, -0.3433528478896476, -0.14584329311506639, 0.051666261659514934, 0.24917581643409625, 0.44668537120867735, 0.6441949259832587, 0.84170448075784, 1.0392140355324213, 1.2367235903070026], "ATR_Pct": [0.0014216494280704735, 0.01783855430783291, 0.034092915574924436, 0.05034727684201596, 0.06660163810910749, 0.08285599937619902, 0.09911036064329054, 0.11536472191038206, 0.1316190831774736, 0.1478734444445651, 0.16412780571165664], "Tightness_Ratio": [0.0207788488019827, 0.11958138253924519, 0.21740567336821795, 0.31522996419719074, 0.41305425502616344, 0.5108785458551363, 0.608702836684109, 0.7065271275130817, 0.8043514183420545, 0.9021757091710273, 1.0], "MA50_Slope": [-0.20189677067359965, -0.14635777546950576, -0.09136867130703656, -0.03637956714456736, 0.018609537017901828, 0.07359864118037102, 0.12858774534284023, 0.1835768495053094, 0.2385659536677786, 0.2935550578302478, 0.348544161992717], "RSI_Delta_5d": [-68.48480556309333, -54.295393471001255, -40.246470607543756, -26.197547744086265, -12.148624880628766, 1.9002979828287323, 15.949220846286224, 29.99814370974373, 44.04706657320122, 58.09598943665871, 72.14491230011622]}, "training_bin_pct": {"Support_Strength": [0.42650860079391945, 0.12980428962673476, 0.10760224020678832, 0.09062374988460473, 0.07342985506354432, 0.05836692617780103, 0.04400406191340739, 0.029118072437455764, 0.019001754008062283, 0.02154044988768194], "Distance_From_52w_Low": [0.9853294150229251, 0.012201126257808413, 0.0017001569375634674, 0.00029233467704711206, 0.00013847432070652677, 6.923716035326338e-05, 0.00010000923162138044, 6.154414253623411e-05, 6.923716035326338e-05, 3.846508908514632e-05], "Consolidation_Tightness": [0.5663138135827922, 0.33871588146598147, 0.06876019324860756, 0.018317075422346677, 0.005685140166784626, 0.001538603563405853, 0.00037695787303443395, 0.00018463242760870233, 7.693017817029264e-05, 3.0772071268117055e-05], "Distance_To_Resistance": [0.8900052312521156, 0.09175462350370804, 0.013562790411422592, 0.0032156814475182323, 0.0010077853340308336, 0.00023848355232790718, 7.693017817029264e-05, 3.846508908514632e-05, 5.385112471920485e-05, 4.615810690217558e-05], "Sector_Momentum": [0.0013539711357971505, 0.010585592516232268, 0.044173308305382034, 0.8531710619441795, 0.054505031233652336, 0.025556205188171217, 0.005100470812690402, 0.0019617195433424624, 0.0022540542203895743, 0.001338585100163092], "Sector_Rank": [0.08598486014093609, 0.0, 0.0, 0.0, 0.7666246115026002, 0.0, 0.0, 0.0, 0.0, 0.14739052835646368], "RS_vs_SPY_20d": [0.0017617010800997015, 0.1692463919746438, 0.7638782041419208, 0.05579745822691325, 0.00700833923131366, 0.0017693940979167308, 0.0003615718374003754, 0.00012308828507246822, 3.0772071268117055e-05, 2.307905345108779e-05], "Momentum_Acceleration": [4.615810690217558e-05, 0.0005000461581069022, 0.019086377204049605, 0.8232913807428378, 0.15187555774379174, 0.0045696525833153825, 0.00046158106902175584, 0.00013078130288949748, 1.5386035634058527e-05, 2.307905345108779e-05], "ATR_Pct": [0.17766255346647383, 0.550189248238299, 0.18712496538141982, 0.05582053728036434, 0.019394097916730774, 0.006600609287011109, 0.002007877650244638, 0.0007231436748007509, 0.00037695787303443395, 0.00010000923162138044], "Tightness_Ratio": [0.0018540172939040527, 0.032041419207926886, 0.11993414776748623, 0.18830969012524232, 0.19607963812044188, 0.1623534480105856, 0.12122657476074715, 0.08053051050866233, 0.05079699664584423, 0.046873557559159305], "MA50_Slope": [0.0003000276948641413, 0.0032541465366033788, 0.05915161399513801, 0.5912007262208819, 0.2971120411114872, 0.039034372403606486, 0.007269901837092654, 0.0021155798996830475, 0.00046158106902175584, 0.00010000923162138044], "RSI_Delta_5d": [0.00023848355232790718, 0.003784964765978398, 0.034249315321414286, 0.16266116872326677, 0.3596562759639351, 0.3057589931378281, 0.11161030248946056, 0.019994153306459057, 0.001892482382989199, 0.0001538603563405853]}}}