{"sklearn_version": "1.8.0", "feature_version": "v3.9", "feature_list": ["Support_Strength", "Distance_From_52w_Low", "Consolidation_Tightness", "Distance_To_Resistance", "RS_vs_SPY_20d", "Momentum_Acceleration", "ATR_Pct", "Tightness_Ratio", "MA50_Slope", "RSI_Delta_5d"], "training_timestamp_utc": "2026-07-16T03:28:00.123437", "model_type": "CalibratedEnsemble(HistGB+RF+LightGBM+LR)", "model_name": "ml_20d_v3_ensemble_calibrated", "cv_method": "RollingWindow(folds=5)", "target": "Rank-based (top 20% per date)", "target_mode": "rank", "metrics": {"oos_auc": 0.6099279273166626, "cv_auc_mean": 0.6099279273166626, "cv_auc_std": 0.052934901911658054, "precision_at_20": 0.42000000000000004, "precision_at_50": 0.404, "note": "Trained on 10 features (109285 samples)"}, "label_spec": {"horizon_days": 20, "threshold_type": "rank", "up_threshold": 0.05, "down_threshold": -0.02, "rank_top_pct": 0.2, "rank_bottom_pct": 0.4, "label_name": "Rank top 20%", "class_weighting": "balanced"}, "ensemble": {"models": ["HistGradientBoostingClassifier", "RandomForestClassifier", "LGBMClassifier", "LogisticRegression"], "weights": [0.3, 0.25, 0.3, 0.15]}, "early_stopping": {"enabled": true, "histgb_stopped_at_iter": 500, "histgb_max_iter": 500, "histgb_n_iter_no_change": 15, "lgbm_best_iteration": 6, "lgbm_n_estimators": 500, "lgbm_stopping_rounds": 50}, "regularization": {"histgb_l2": 0.1, "histgb_max_depth": 8, "rf_max_depth": 8, "lgbm_max_depth": 6, "lgbm_reg_alpha": 0.1, "lgbm_reg_lambda": 0.1, "lr_C": 1.0, "min_samples_leaf": 15}, "calibration": {"method": "sigmoid", "samples": 26229, "mean_calibration_error": 0.024780284205408936}, "evaluation": {"precision_at_20": 0.42000000000000004, "precision_at_50": 0.404, "lift_at_20": 2.1, "lift_at_50": 2.02, "baseline_precision": 0.2, "target_p20": 0.4, "excellent_p20": 0.6}, "drift": {"features_binned": 10, "binning_method": "pd.cut(10 equal-width bins)", "feature_bins": {"Support_Strength": [-0.001, 0.1, 0.2, 0.30000000000000004, 0.4, 0.5, 0.6000000000000001, 0.7000000000000001, 0.8, 0.9, 1.0], "Distance_From_52w_Low": [-0.0492053752535497, 4.92053752535497, 9.84107505070994, 14.761612576064909, 19.68215010141988, 24.60268762677485, 29.523225152129818, 34.443762677484784, 39.36430020283976, 44.28483772819473, 49.2053752535497], "Consolidation_Tightness": [0.00017726480416958672, 0.5417198050331058, 1.0779005379330426, 1.6140812708329795, 2.1502620037329163, 2.6864427366328534, 3.22262346953279, 3.7588042024327266, 4.294984935332664, 4.831165668232601, 5.367346401132537], "Distance_To_Resistance": [-0.0015878575598365441, 0.1587857559836544, 0.3175715119673088, 0.4763572679509632, 0.6351430239346176, 0.793928779918272, 0.9527145359019265, 1.111500291885581, 1.2702860478692353, 1.4290718038528896, 1.587857559836544], "RS_vs_SPY_20d": [-0.6217989900908352, 0.7637717648269229, 2.1356239974187625, 3.507476230010602, 4.879328462602442, 6.251180695194281, 7.623032927786121, 8.994885160377962, 10.3667373929698, 11.73858962556164, 13.11044185815348], "Momentum_Acceleration": [-4.36312623751085, -3.2796032916777054, -2.206808295803304, -1.134013299928903, -0.06121830405450179, 1.0115766918198998, 2.0843716876943006, 3.1571666835687013, 4.229961679443103, 5.302756675317505, 6.375551671191905], "ATR_Pct": [0.0014216494280704735, 0.01783855430783291, 0.034092915574924436, 0.05034727684201596, 0.06660163810910749, 0.08285599937619902, 0.09911036064329054, 0.11536472191038206, 0.1316190831774736, 0.1478734444445651, 0.16412780571165664], "Tightness_Ratio": [0.0207788488019827, 0.11958138253924519, 0.21740567336821795, 0.31522996419719074, 0.41305425502616344, 0.5108785458551363, 0.608702836684109, 0.7065271275130817, 0.8043514183420545, 0.9021757091710273, 1.0], "MA50_Slope": [-0.20329965755389967, -0.006069087439481036, 0.18920870475301266, 0.3844864969455063, 0.579764289138, 0.7750420813304938, 0.9703198735229873, 1.165597665715481, 1.3608754579079747, 1.5561532501004685, 1.7514310422929622], "RSI_Delta_5d": [-68.48480556309333, -54.295393471001255, -40.246470607543756, -26.197547744086265, -12.148624880628766, 1.9002979828287323, 15.949220846286224, 29.99814370974373, 44.04706657320122, 58.09598943665871, 72.14491230011622]}, "training_bin_pct": {"Support_Strength": [0.41976193562653935, 0.13074477089544842, 0.10819652130149991, 0.09135205618380217, 0.07412632205031226, 0.05937883651947141, 0.045096499187896995, 0.029929617739684767, 0.01913207921245072, 0.022281361282893986], "Distance_From_52w_Low": [0.9856109073440038, 0.011270312106816328, 0.0013115654143250396, 0.0006710334677942063, 0.0005642781433724007, 0.00026688831105451386, 0.00010675532442180553, 5.3377662210902766e-05, 8.387918347427579e-05, 6.100304252674602e-05], "Consolidation_Tightness": [0.9911011811714109, 0.008692933560061308, 0.0001296314653693353, 2.287614094752976e-05, 1.5250760631686505e-05, 1.5250760631686505e-05, 7.625380315843252e-06, 0.0, 7.625380315843252e-06, 7.625380315843252e-06], "Distance_To_Resistance": [0.8876095195247863, 0.09406669157624237, 0.013710433807886169, 0.003225535873601696, 0.0010065502016913094, 0.00017538374726439482, 6.862842284258928e-05, 3.8126901579216266e-05, 5.3377662210902766e-05, 4.575228189505952e-05], "RS_vs_SPY_20d": [0.9985054254580947, 0.0013344415552725693, 0.0, 0.0, 3.8126901579216266e-05, 4.575228189505952e-05, 6.862842284258928e-05, 0.0, 0.0, 7.625380315843252e-06], "Momentum_Acceleration": [7.625380315843252e-06, 7.625380315843253e-05, 3.8126901579216266e-05, 0.1307981485576593, 0.8690112169344446, 3.050152126337301e-05, 0.0, 0.0, 3.050152126337301e-05, 7.625380315843252e-06], "ATR_Pct": [0.17570401323766022, 0.5486384883446062, 0.191282665222928, 0.0560617960820796, 0.019398967523505235, 0.0063519418030974295, 0.0017538374726439481, 0.0005185258614773412, 0.00019825988821192456, 9.150456379011904e-05], "Tightness_Ratio": [0.0018834689380132835, 0.03153094760601185, 0.1181552679939912, 0.18746997506500637, 0.1961705340053835, 0.16341190016852092, 0.12225009722359903, 0.08111117041962468, 0.05123493034215081, 0.04678170823769835], "MA50_Slope": [0.3047712004636231, 0.6927810524549912, 0.002234236432542073, 6.100304252674602e-05, 4.575228189505952e-05, 3.050152126337301e-05, 2.287614094752976e-05, 2.287614094752976e-05, 1.5250760631686505e-05, 1.5250760631686505e-05], "RSI_Delta_5d": [0.00023638678979114082, 0.0037288109744473504, 0.03398632006771338, 0.16288574892672772, 0.3615726584363395, 0.30532785322667966, 0.1104155069734103, 0.019772611158981553, 0.0019215958395924996, 0.00015250760631686506]}}}